# ************************************************************
# Sequel Pro SQL dump
# Version 4096
#
# http://www.sequelpro.com/
# http://code.google.com/p/sequel-pro/
#
# Host: localhost (MySQL 5.5.29)
# Database: leaderboards
# Generation Time: 2013-07-22 13:30:58 +0000
# ************************************************************


/*!40101 SET @OLD_CHARACTER_SET_CLIENT=@@CHARACTER_SET_CLIENT */;
/*!40101 SET @OLD_CHARACTER_SET_RESULTS=@@CHARACTER_SET_RESULTS */;
/*!40101 SET @OLD_COLLATION_CONNECTION=@@COLLATION_CONNECTION */;
/*!40101 SET NAMES utf8 */;
/*!40014 SET @OLD_FOREIGN_KEY_CHECKS=@@FOREIGN_KEY_CHECKS, FOREIGN_KEY_CHECKS=0 */;
/*!40101 SET @OLD_SQL_MODE=@@SQL_MODE, SQL_MODE='NO_AUTO_VALUE_ON_ZERO' */;
/*!40111 SET @OLD_SQL_NOTES=@@SQL_NOTES, SQL_NOTES=0 */;


# Dump of table changelog
# ------------------------------------------------------------

DROP TABLE IF EXISTS `changelog`;

CREATE TABLE `changelog` (
  `time_gained` timestamp NOT NULL DEFAULT CURRENT_TIMESTAMP,
  `profile_number` varchar(50) CHARACTER SET utf8 NOT NULL DEFAULT '',
  `score` int(11) NOT NULL,
  `map_id` varchar(6) CHARACTER SET utf8 NOT NULL DEFAULT '',
  `wr_gain` int(1) NOT NULL DEFAULT '0',
  `previous_score` int(11) DEFAULT NULL,
  KEY `profile_number` (`profile_number`),
  KEY `map_id` (`map_id`),
  CONSTRAINT `changelog_ibfk_1` FOREIGN KEY (`profile_number`) REFERENCES `players` (`profile_number`) ON DELETE NO ACTION ON UPDATE CASCADE,
  CONSTRAINT `changelog_ibfk_2` FOREIGN KEY (`map_id`) REFERENCES `maps` (`steam_id`) ON DELETE NO ACTION ON UPDATE CASCADE
) ENGINE=InnoDB DEFAULT CHARSET=latin1;

LOCK TABLES `changelog` WRITE;
/*!40000 ALTER TABLE `changelog` DISABLE KEYS */;

INSERT INTO `changelog` (`time_gained`, `profile_number`, `score`, `map_id`, `wr_gain`, `previous_score`)
VALUES
	('2013-07-16 16:58:40','76561198039230536',4573,'47735',0,0),
	('2013-07-17 09:10:59','76561198036819551',1411,'47452',0,0),
	('2013-07-17 09:10:59','76561198057072625',4510,'47735',0,4555),
	('2013-07-17 09:11:00','76561198045147442',1878,'47755',0,1880),
	('2013-07-17 09:11:00','76561198039230536',1716,'47764',0,1748),
	('2013-07-17 09:11:00','76561198047900528',1754,'47764',0,0),
	('2013-07-17 09:11:00','76561198039230536',4405,'47773',0,4461),
	('2013-07-17 09:11:00','76561198039230536',7114,'47776',0,7278),
	('2013-07-17 09:11:00','76561198039230536',11043,'47779',0,0),
	('2013-07-17 09:11:00','76561198043899549',6990,'47783',0,0),
	('2013-07-17 09:11:00','76561198039230536',7261,'47783',0,7393),
	('2013-07-17 09:11:00','76561198039230536',5290,'47784',0,6486),
	('2013-07-17 09:11:00','76561198043899549',3339,'47472',0,3343),
	('2013-07-17 09:11:00','76561198048179892',1456,'47791',0,1476),
	('2013-07-17 09:53:47','76561198048179892',1555,'47800',0,1566),
	('2013-07-17 10:38:25','76561198048179892',1533,'47800',0,1555),
	('2013-07-18 16:50:45','76561198036819551',1266,'47746',0,1295),
	('2013-07-18 16:50:45','76561198045147442',1769,'47760',0,0),
	('2013-07-18 16:50:45','76561198043899549',6720,'47783',0,6990),
	('2013-07-18 16:50:45','76561198039230536',7080,'47783',0,7261),
	('2013-07-18 16:50:45','76561198039230536',5701,'47787',0,0),
	('2013-07-18 16:50:45','76561198039230536',3734,'47469',0,0),
	('2013-07-18 16:50:45','76561198048179892',1491,'47800',0,1533),
	('2013-07-22 13:20:31','76561198043196429',1395,'47452',0,1405),
	('2013-07-22 13:20:31','76561198043196429',1275,'47746',0,0),
	('2013-07-22 13:20:31','76561198047900528',2580,'47752',0,2706),
	('2013-07-22 13:20:31','76561198045147442',2610,'47752',0,0),
	('2013-07-22 13:20:31','76561198039230536',1771,'47755',0,1853),
	('2013-07-22 13:20:31','76561198060032141',1801,'47755',0,1821),
	('2013-07-22 13:20:31','76561198039230536',2095,'47759',0,2108),
	('2013-07-22 13:20:31','76561198045034733',1608,'47760',1,1619),
	('2013-07-22 13:20:31','76561198045147442',4470,'47766',0,0),
	('2013-07-22 13:20:31','76561198048179892',4291,'47773',0,4365),
	('2013-07-22 13:20:31','76561198048179892',5600,'47787',0,5810),
	('2013-07-22 13:20:31','76561198039230536',3658,'47469',0,3734),
	('2013-07-22 13:20:31','76561198043899549',3148,'47472',1,3339),
	('2013-07-22 13:20:31','76561198045147442',3581,'47472',0,3676),
	('2013-07-22 13:20:31','76561198045147442',1370,'47791',0,1550),
	('2013-07-22 13:20:31','76561198039230536',1461,'47791',0,0),
	('2013-07-22 13:20:31','76561198039230536',10138,'47795',0,10243),
	('2013-07-22 13:20:31','76561198048179892',1633,'47806',0,1641),
	('2013-07-22 13:20:31','76561198069533158',1998,'47808',0,0),
	('2013-07-22 13:20:31','76561198048179892',2685,'47815',0,2753),
	('2013-07-22 13:20:32','76561198043899549',2828,'47817',0,2856),
	('2013-07-22 13:20:32','76561198039230536',6854,'47821',0,0),
	('2013-07-22 13:20:32','76561198045034733',20720,'47456',0,20773),
	('2013-07-22 13:20:50','76561198036324314',4426,'47845',0,0),
	('2013-07-22 13:20:50','76561198043770492',1985,'47856',0,1991),
	('2013-07-22 13:20:50','76561197980522591',2736,'47861',0,0),
	('2013-07-22 13:20:50','76561198047900528',2736,'47861',0,0),
	('2013-07-22 13:20:50','76561197980522591',5630,'52660',0,0),
	('2013-07-22 13:20:50','76561198047900528',5630,'52660',0,0),
	('2013-07-22 13:20:50','76561198036324314',1236,'52711',0,0),
	('2013-07-22 13:20:50','76561198039230536',1236,'52711',0,1263),
	('2013-07-22 13:20:50','76561198039230536',4536,'52740',0,0),
	('2013-07-22 13:20:50','76561198048179892',4536,'52740',0,0);

/*!40000 ALTER TABLE `changelog` ENABLE KEYS */;
UNLOCK TABLES;


# Dump of table chapters
# ------------------------------------------------------------

DROP TABLE IF EXISTS `chapters`;

CREATE TABLE `chapters` (
  `id` int(11) unsigned NOT NULL AUTO_INCREMENT,
  `chapter_name` varchar(50) DEFAULT NULL,
  `is_multiplayer` int(1) NOT NULL DEFAULT '0',
  PRIMARY KEY (`id`)
) ENGINE=InnoDB DEFAULT CHARSET=utf8;

LOCK TABLES `chapters` WRITE;
/*!40000 ALTER TABLE `chapters` DISABLE KEYS */;

INSERT INTO `chapters` (`id`, `chapter_name`, `is_multiplayer`)
VALUES
	(1,'Team Building',1),
	(2,'Mass and Velocitiy',1),
	(3,'Hard Light',1),
	(4,'Excursion Funnels',1),
	(5,'Mobility Gels',1),
	(6,'Art Therapy',1),
	(7,'The Courtesy Call',0),
	(8,'The Cold Boot',0),
	(9,'The Return',0),
	(10,'The Surprise',0),
	(11,'The Escape',0),
	(12,'The Fall',0),
	(13,'The Reunion',0),
	(14,'The Itch',0),
	(15,'The Part Where...',0);

/*!40000 ALTER TABLE `chapters` ENABLE KEYS */;
UNLOCK TABLES;


# Dump of table maps
# ------------------------------------------------------------

DROP TABLE IF EXISTS `maps`;

CREATE TABLE `maps` (
  `id` int(5) NOT NULL,
  `steam_id` varchar(6) NOT NULL DEFAULT '',
  `name` varchar(50) DEFAULT NULL,
  `type` set('portals','time') NOT NULL DEFAULT 'time',
  `chapter_id` int(11) unsigned DEFAULT NULL,
  `is_coop` int(1) NOT NULL DEFAULT '0',
  UNIQUE KEY `steam_id` (`steam_id`),
  KEY `chapter_id` (`chapter_id`),
  CONSTRAINT `maps_ibfk_1` FOREIGN KEY (`chapter_id`) REFERENCES `chapters` (`id`) ON DELETE CASCADE ON UPDATE CASCADE
) ENGINE=InnoDB DEFAULT CHARSET=utf8;

LOCK TABLES `maps` WRITE;
/*!40000 ALTER TABLE `maps` DISABLE KEYS */;

INSERT INTO `maps` (`id`, `steam_id`, `name`, `type`, `chapter_id`, `is_coop`)
VALUES
	(5,'45467','05 Laser Crusher','time',1,1),
	(6,'46362','06 Behind the Scenes','time',1,1),
	(52,'47106','Future Starter','time',7,0),
	(51,'47452','Cube Momentum','time',7,0),
	(50,'47455','Smooth Jazz','time',7,0),
	(99,'47456','Finale 4','time',15,0),
	(49,'47458','Portal Gun','time',7,0),
	(58,'47465','Pit Flings','time',8,0),
	(80,'47468','Bomb Flings','time',12,0),
	(81,'47469','Crazy Box','time',12,0),
	(82,'47472','PotatOS','time',12,0),
	(53,'47735','Incinerator','time',7,0),
	(54,'47736','Laser Stairs','time',8,0),
	(55,'47738','Dual Lasers','time',8,0),
	(1,'47741','01 Doors','time',1,1),
	(56,'47742','Laser Over Goo','time',8,0),
	(57,'47744','Trust Fling','time',8,0),
	(59,'47746','Fizzler Intro','time',8,0),
	(60,'47748','Ceiling Catapult','time',9,0),
	(61,'47751','Ricochet','time',9,0),
	(62,'47752','Bridge Intro','time',9,0),
	(63,'47755','Bridge the Gap','time',9,0),
	(64,'47756','Turret Intro','time',9,0),
	(65,'47759','Laser Relays','time',9,0),
	(66,'47760','Turret Blocker','time',9,0),
	(67,'47763','Laser vs. Turret','time',9,0),
	(68,'47764','Pull the Rug','time',9,0),
	(69,'47766','Column Blocker','time',10,0),
	(70,'47768','Laser Chaining','time',10,0),
	(71,'47770','Triple Laser','time',10,0),
	(72,'47773','Jail Break','time',10,0),
	(73,'47774','Escape','time',10,0),
	(74,'47776','Turret Factory','time',11,0),
	(75,'47779','Turret Sabotage','time',11,0),
	(76,'47780','Neurotoxin Sabotage','time',11,0),
	(77,'47783','Underground','time',12,0),
	(78,'47784','Cave Johnson','time',12,0),
	(79,'47787','Repulsion Intro','time',12,0),
	(83,'47791','Propulsion Intro','time',13,0),
	(84,'47793','Propulsion Flings','time',13,0),
	(85,'47795','Conversion Intro','time',13,0),
	(86,'47798','Three Gels','time',13,0),
	(87,'47800','Funnel Intro','time',14,0),
	(88,'47802','Ceiling Button','time',14,0),
	(89,'47804','Wall Button','time',14,0),
	(90,'47806','Polarity','time',14,0),
	(91,'47808','Funnel Catch','time',14,0),
	(92,'47811','Stop the Box','time',14,0),
	(93,'47813','Laser Catapult','time',14,0),
	(94,'47815','Laser Platform','time',14,0),
	(95,'47817','Propulsion Catch','time',14,0),
	(96,'47819','Repulsion Polarity','time',14,0),
	(97,'47821','Finale 2','time',15,0),
	(98,'47824','Finale 3','time',15,0),
	(2,'47825','02 Buttons','time',1,1),
	(3,'47828','03 Lasers','time',1,1),
	(4,'47829','04 Rat Maze','time',1,1),
	(7,'47831','01 Flings','time',2,1),
	(8,'47833','02 Infinifling','time',2,1),
	(9,'47835','03 Team Retrieval','time',2,1),
	(10,'47837','04 Vertical Flings','time',2,1),
	(11,'47840','05 Catapults','time',2,1),
	(12,'47841','06 Multifling','time',2,1),
	(13,'47844','07 Fling Crushers','time',2,1),
	(14,'47845','08 Industrial Fan','time',2,1),
	(15,'47848','01 Cooperative Bridges','time',3,1),
	(16,'47849','02 Bridge Swap','time',3,1),
	(17,'47854','03 Fling Block','time',3,1),
	(18,'47856','04 Catapult Block','time',3,1),
	(19,'47858','05 Bridge Fling','time',3,1),
	(20,'47861','06 Turret Walls','time',3,1),
	(48,'48287','09 Crazier Box','time',6,1),
	(40,'49341','01 Separation','time',6,1),
	(41,'49343','02 Triple Axis','time',6,1),
	(42,'49345','03 Catapult Catch','time',6,1),
	(43,'49347','04 Bridge Gels','time',6,1),
	(44,'49349','05 Maintenance','time',6,1),
	(45,'49351','06 Bridge Catch','time',6,1),
	(21,'52642','07 Turret Assassin','time',3,1),
	(22,'52660','08 Bridge Testing','time',3,1),
	(23,'52662','01 Cooperative Funnels','time',4,1),
	(24,'52663','02 Funnel Drill','time',4,1),
	(25,'52665','03 Funnel Catch','time',4,1),
	(26,'52667','04 Funnel Laser','time',4,1),
	(27,'52671','05 Cooperative Polarity','time',4,1),
	(28,'52687','06 Funnel Hop','time',4,1),
	(29,'52689','07 Advanced Polarity','time',4,1),
	(30,'52691','08 Funnel Maze','time',4,1),
	(32,'52694','01 Repulsion Jumps','time',5,1),
	(33,'52711','02 Double Bounce','time',5,1),
	(34,'52714','03 Bridge Repulsion','time',5,1),
	(35,'52715','04 Wall Repulsion','time',5,1),
	(36,'52717','05 Propulsion Crushers','time',5,1),
	(37,'52735','06 Turret Ninja','time',5,1),
	(38,'52738','07 Propulsion Retrieval','time',5,1),
	(39,'52740','08 Vault Entrance','time',5,1),
	(46,'52757','07 Double Lift','time',6,1),
	(47,'52759','08 Gel Maze','time',6,1),
	(31,'52777','09 Turret Warehouse','time',4,1);

/*!40000 ALTER TABLE `maps` ENABLE KEYS */;
UNLOCK TABLES;


# Dump of table players
# ------------------------------------------------------------

DROP TABLE IF EXISTS `players`;

CREATE TABLE `players` (
  `profile_number` varchar(50) NOT NULL DEFAULT '',
  `nickname` varchar(50) DEFAULT NULL,
  `banned` int(1) NOT NULL DEFAULT '0',
  PRIMARY KEY (`profile_number`)
) ENGINE=InnoDB DEFAULT CHARSET=utf8;

LOCK TABLES `players` WRITE;
/*!40000 ALTER TABLE `players` DISABLE KEYS */;

INSERT INTO `players` (`profile_number`, `nickname`, `banned`)
VALUES
	('76561197962813887',NULL,1),
	('76561197965946552',NULL,1),
	('76561197968768198',NULL,1),
	('76561197970166754','DaFox',0),
	('76561197970314683',NULL,0),
	('76561197972008283',NULL,1),
	('76561197972242646',NULL,1),
	('76561197972784359',NULL,0),
	('76561197972803163',NULL,0),
	('76561197974616889','imanex',0),
	('76561197976086060','Ph0x',0),
	('76561197979618821',NULL,1),
	('76561197979942986',NULL,0),
	('76561197979963054',NULL,0),
	('76561197980522591',NULL,0),
	('76561197980620221','Chubby',0),
	('76561197981001131','B. Rex',0),
	('76561197981694635',NULL,0),
	('76561197984139721',NULL,1),
	('76561197984252526',NULL,1),
	('76561197984513422',NULL,1),
	('76561197984540129',NULL,0),
	('76561197984902438',NULL,1),
	('76561197985056754',NULL,0),
	('76561197987670809',NULL,1),
	('76561197989089300',NULL,1),
	('76561197991840955',NULL,1),
	('76561197994129426',NULL,0),
	('76561197994202252',NULL,0),
	('76561197996776940',NULL,0),
	('76561197996816207',NULL,0),
	('76561197997395396',NULL,1),
	('76561197998063833',NULL,1),
	('76561197999028024',NULL,1),
	('76561197999149381',NULL,1),
	('76561198000369215',NULL,0),
	('76561198000992420',NULL,0),
	('76561198001523094','dEx',0),
	('76561198003422901',NULL,0),
	('76561198003513323',NULL,0),
	('76561198004857443',NULL,0),
	('76561198004871206',NULL,0),
	('76561198005208336',NULL,1),
	('76561198005253093','takz',0),
	('76561198006021316',NULL,1),
	('76561198007577949',NULL,1),
	('76561198007979103',NULL,1),
	('76561198008662184',NULL,0),
	('76561198011570397','Stalast',0),
	('76561198012853100',NULL,1),
	('76561198012912965','Raizak',0),
	('76561198013190395',NULL,0),
	('76561198014521173',NULL,1),
	('76561198015678746','Klooger',0),
	('76561198015995629',NULL,0),
	('76561198018540237',NULL,0),
	('76561198021587175',NULL,0),
	('76561198021734854','Schlepian',0),
	('76561198022496581',NULL,0),
	('76561198022497845',NULL,1),
	('76561198022859930',NULL,1),
	('76561198023117584',NULL,0),
	('76561198023873410',NULL,1),
	('76561198024088293',NULL,0),
	('76561198025114426',NULL,1),
	('76561198025192733',NULL,0),
	('76561198025214581',NULL,0),
	('76561198025394852',NULL,0),
	('76561198025422567','Svennifer',0),
	('76561198025858897',NULL,1),
	('76561198025901072',NULL,1),
	('76561198026851335','Spyrunite',0),
	('76561198026991036',NULL,0),
	('76561198027132682',NULL,0),
	('76561198028141399',NULL,0),
	('76561198028323859',NULL,0),
	('76561198029304443','Tyronis3',0),
	('76561198029488151',NULL,0),
	('76561198029622986','Pocky',0),
	('76561198029691912',NULL,0),
	('76561198030312350',NULL,0),
	('76561198030452514',NULL,0),
	('76561198030748701',NULL,0),
	('76561198031719899',NULL,0),
	('76561198031815749',NULL,1),
	('76561198033001223',NULL,0),
	('76561198033097299',NULL,0),
	('76561198033855176',NULL,0),
	('76561198034123030',NULL,1),
	('76561198036324314',NULL,0),
	('76561198036819551',NULL,0),
	('76561198036978804',NULL,0),
	('76561198039145818',NULL,0),
	('76561198039230536','Zypeh',0),
	('76561198039245442',NULL,1),
	('76561198040268041',NULL,1),
	('76561198040483651',NULL,0),
	('76561198040935346',NULL,0),
	('76561198040982247',NULL,0),
	('76561198041107150',NULL,0),
	('76561198041349990','Draiku',0),
	('76561198041519492',NULL,0),
	('76561198041878103',NULL,0),
	('76561198041937992',NULL,0),
	('76561198041998708',NULL,0),
	('76561198042048214',NULL,0),
	('76561198042371947',NULL,0),
	('76561198042476392',NULL,0),
	('76561198042618651',NULL,1),
	('76561198042741599',NULL,0),
	('76561198042826988',NULL,0),
	('76561198042995537','Lemonsunshine',0),
	('76561198043196429',NULL,0),
	('76561198043770492','ncla',0),
	('76561198043899549','Jetwash_787',0),
	('76561198044394357',NULL,0),
	('76561198044869842',NULL,0),
	('76561198045034733','Undeadgamer97',0),
	('76561198045147442',NULL,0),
	('76561198046780305',NULL,1),
	('76561198047120857',NULL,0),
	('76561198047126373',NULL,1),
	('76561198047249937',NULL,0),
	('76561198047900528',NULL,0),
	('76561198048060838',NULL,0),
	('76561198048179892',NULL,0),
	('76561198048252922',NULL,0),
	('76561198048636382','Msushi',0),
	('76561198048781353',NULL,0),
	('76561198049848090',NULL,0),
	('76561198050909732',NULL,0),
	('76561198054566481',NULL,0),
	('76561198055430640',NULL,0),
	('76561198055489864',NULL,0),
	('76561198057057381',NULL,0),
	('76561198057072625',NULL,0),
	('76561198057501496',NULL,0),
	('76561198058087062','Phantom',0),
	('76561198058764819',NULL,1),
	('76561198060032141',NULL,0),
	('76561198060653685',NULL,0),
	('76561198061296472',NULL,0),
	('76561198067016561',NULL,0),
	('76561198068315512',NULL,0),
	('76561198069533158',NULL,0),
	('76561198077559980',NULL,1),
	('76561198079457301',NULL,0),
	('76561198081165607',NULL,0);

/*!40000 ALTER TABLE `players` ENABLE KEYS */;
UNLOCK TABLES;


# Dump of table scores
# ------------------------------------------------------------

DROP TABLE IF EXISTS `scores`;

CREATE TABLE `scores` (
  `id` int(11) unsigned NOT NULL AUTO_INCREMENT,
  `profile_number` varchar(50) NOT NULL DEFAULT '',
  `score` int(11) DEFAULT NULL,
  `map_id` varchar(6) NOT NULL,
  `last_edit_time` timestamp NOT NULL DEFAULT CURRENT_TIMESTAMP ON UPDATE CURRENT_TIMESTAMP,
  PRIMARY KEY (`id`),
  KEY `map_id` (`map_id`),
  KEY `profile_number` (`profile_number`),
  KEY `map_id_2` (`map_id`),
  CONSTRAINT `scores_ibfk_1` FOREIGN KEY (`map_id`) REFERENCES `maps` (`steam_id`) ON UPDATE CASCADE,
  CONSTRAINT `scores_ibfk_2` FOREIGN KEY (`profile_number`) REFERENCES `players` (`profile_number`) ON UPDATE CASCADE
) ENGINE=InnoDB DEFAULT CHARSET=utf8;

LOCK TABLES `scores` WRITE;
/*!40000 ALTER TABLE `scores` DISABLE KEYS */;

INSERT INTO `scores` (`id`, `profile_number`, `score`, `map_id`, `last_edit_time`)
VALUES
	(1,'76561197999028024',103,'47741','2013-07-14 15:45:47'),
	(2,'76561198006021316',103,'47741','2013-07-14 15:45:47'),
	(3,'76561198014521173',895,'47741','2013-07-14 15:45:47'),
	(4,'76561198046780305',895,'47741','2013-07-14 15:45:47'),
	(5,'76561197984513422',980,'47741','2013-07-14 15:45:47'),
	(6,'76561198042995537',1016,'47741','2013-07-14 15:45:47'),
	(7,'76561198045034733',1016,'47741','2013-07-16 17:47:04'),
	(8,'76561197974616889',1048,'47741','2013-07-14 15:45:47'),
	(9,'76561198015678746',1048,'47741','2013-07-16 17:47:52'),
	(10,'76561198048636382',1054,'47741','2013-07-14 15:45:47'),
	(11,'76561198036324314',1068,'47741','2013-07-14 15:45:47'),
	(12,'76561198039230536',1068,'47741','2013-07-14 15:45:47'),
	(13,'76561198043770492',1070,'47741','2013-07-14 15:45:47'),
	(14,'76561198001523094',1078,'47741','2013-07-14 15:45:47'),
	(15,'76561198058087062',1080,'47741','2013-07-14 15:45:47'),
	(16,'76561198041349990',1086,'47741','2013-07-14 15:45:47'),
	(17,'76561198060653685',1088,'47741','2013-07-14 15:45:47'),
	(18,'76561198048179892',1093,'47741','2013-07-14 15:45:47'),
	(19,'76561198057501496',1095,'47741','2013-07-14 15:45:47'),
	(20,'76561198026851335',1096,'47741','2013-07-14 15:45:47'),
	(21,'76561197999028024',108,'47825','2013-07-14 15:45:47'),
	(22,'76561198006021316',108,'47825','2013-07-14 15:45:47'),
	(23,'76561198014521173',1158,'47825','2013-07-14 15:45:47'),
	(24,'76561198046780305',1158,'47825','2013-07-14 15:45:47'),
	(25,'76561198040268041',1488,'47825','2013-07-14 15:45:47'),
	(26,'76561197974616889',2076,'47825','2013-07-14 15:45:47'),
	(27,'76561198015678746',2076,'47825','2013-07-14 15:45:47'),
	(28,'76561198045034733',2098,'47825','2013-07-14 15:45:47'),
	(29,'76561198036324314',2106,'47825','2013-07-14 15:45:47'),
	(30,'76561198039230536',2106,'47825','2013-07-14 15:45:47'),
	(31,'76561198042995537',2145,'47825','2013-07-14 15:45:47'),
	(32,'76561198058087062',2158,'47825','2013-07-14 15:45:47'),
	(33,'76561198043770492',2166,'47825','2013-07-14 15:45:47'),
	(34,'76561198029622986',2198,'47825','2013-07-14 15:45:47'),
	(35,'76561197984513422',2218,'47825','2013-07-14 15:45:47'),
	(36,'76561198011570397',2221,'47825','2013-07-14 15:45:47'),
	(37,'76561198041349990',2231,'47825','2013-07-14 15:45:47'),
	(38,'76561198026991036',2246,'47825','2013-07-14 15:45:47'),
	(39,'76561198048179892',2256,'47825','2013-07-14 15:45:47'),
	(40,'76561198005253093',2270,'47825','2013-07-14 15:45:47'),
	(41,'76561197999028024',155,'47828','2013-07-14 15:45:47'),
	(42,'76561198006021316',155,'47828','2013-07-14 15:45:47'),
	(43,'76561198040268041',1053,'47828','2013-07-14 15:45:47'),
	(44,'76561198046780305',1053,'47828','2013-07-14 15:45:47'),
	(45,'76561198014521173',1495,'47828','2013-07-14 15:45:47'),
	(46,'76561197984902438',2223,'47828','2013-07-14 15:45:47'),
	(47,'76561198023873410',2223,'47828','2013-07-14 15:45:47'),
	(48,'76561197974616889',2409,'47828','2013-07-14 15:45:47'),
	(49,'76561198015678746',2409,'47828','2013-07-14 15:45:47'),
	(50,'76561198041349990',2438,'47828','2013-07-14 15:45:47'),
	(51,'76561198043770492',2438,'47828','2013-07-14 15:45:47'),
	(52,'76561198036324314',2481,'47828','2013-07-14 15:45:47'),
	(53,'76561198039230536',2481,'47828','2013-07-14 15:45:47'),
	(54,'76561198042995537',2481,'47828','2013-07-14 15:45:47'),
	(55,'76561198011570397',2518,'47828','2013-07-14 15:45:47'),
	(56,'76561198045034733',2518,'47828','2013-07-14 15:45:47'),
	(57,'76561198058087062',2553,'47828','2013-07-14 15:45:47'),
	(58,'76561198029622986',2555,'47828','2013-07-14 15:45:47'),
	(59,'76561198001523094',2571,'47828','2013-07-14 15:45:47'),
	(60,'76561198049848090',2658,'47828','2013-07-14 15:45:47'),
	(61,'76561197999028024',341,'47829','2013-07-14 15:45:47'),
	(62,'76561198006021316',341,'47829','2013-07-14 15:45:47'),
	(63,'76561198014521173',685,'47829','2013-07-14 15:45:47'),
	(64,'76561198046780305',685,'47829','2013-07-14 15:45:47'),
	(65,'76561198040268041',814,'47829','2013-07-14 15:45:47'),
	(66,'76561197984513422',863,'47829','2013-07-14 15:45:47'),
	(67,'76561198011570397',1693,'47829','2013-07-14 15:45:47'),
	(68,'76561198045034733',1693,'47829','2013-07-14 15:45:47'),
	(69,'76561198036324314',1740,'47829','2013-07-14 15:45:47'),
	(70,'76561198039230536',1740,'47829','2013-07-14 15:45:47'),
	(71,'76561198005253093',1791,'47829','2013-07-14 15:45:47'),
	(72,'76561198043770492',1791,'47829','2013-07-14 15:45:47'),
	(73,'76561198042995537',1826,'47829','2013-07-14 15:45:47'),
	(74,'76561198057501496',1886,'47829','2013-07-14 15:45:47'),
	(75,'76561197974616889',1904,'47829','2013-07-14 15:45:47'),
	(76,'76561198015678746',1904,'47829','2013-07-14 15:45:47'),
	(77,'76561198041349990',1923,'47829','2013-07-14 15:45:47'),
	(78,'76561198058087062',1923,'47829','2013-07-14 15:45:47'),
	(79,'76561198036819551',1965,'47829','2013-07-14 15:45:47'),
	(80,'76561198048636382',1965,'47829','2013-07-14 15:45:47'),
	(81,'76561197999028024',196,'45467','2013-07-14 15:45:47'),
	(82,'76561198006021316',196,'45467','2013-07-14 15:45:47'),
	(83,'76561198014521173',808,'45467','2013-07-14 15:45:47'),
	(84,'76561198046780305',808,'45467','2013-07-14 15:45:47'),
	(85,'76561198040268041',836,'45467','2013-07-14 15:45:47'),
	(86,'76561197974616889',1003,'45467','2013-07-14 15:45:47'),
	(87,'76561198015678746',1003,'45467','2013-07-14 15:45:47'),
	(88,'76561198039230536',1003,'45467','2013-07-14 15:45:47'),
	(89,'76561198041349990',1003,'45467','2013-07-14 15:45:47'),
	(90,'76561198042995537',1003,'45467','2013-07-14 15:45:47'),
	(91,'76561198043770492',1003,'45467','2013-07-14 15:45:47'),
	(92,'76561198045034733',1003,'45467','2013-07-14 15:45:47'),
	(93,'76561198043899549',1008,'45467','2013-07-14 15:45:47'),
	(94,'76561198048179892',1008,'45467','2013-07-14 15:45:47'),
	(95,'76561198029622986',1016,'45467','2013-07-14 15:45:47'),
	(96,'76561198041878103',1023,'45467','2013-07-14 15:45:47'),
	(97,'76561198045147442',1025,'45467','2013-07-14 15:45:47'),
	(98,'76561198005253093',1041,'45467','2013-07-14 15:45:47'),
	(99,'76561198060653685',1046,'45467','2013-07-14 15:45:47'),
	(100,'76561198004871206',1048,'45467','2013-07-14 15:45:47'),
	(101,'76561197974616889',1366,'46362','2013-07-14 15:45:47'),
	(102,'76561198015678746',1366,'46362','2013-07-14 15:45:47'),
	(103,'76561198048179892',1386,'46362','2013-07-14 15:45:47'),
	(104,'76561198042995537',1400,'46362','2013-07-14 15:45:47'),
	(105,'76561198043770492',1400,'46362','2013-07-14 15:45:47'),
	(106,'76561198041349990',1401,'46362','2013-07-14 15:45:47'),
	(107,'76561197979618821',1405,'46362','2013-07-14 15:45:47'),
	(108,'76561197987670809',1405,'46362','2013-07-14 15:45:47'),
	(109,'76561198045147442',1405,'46362','2013-07-14 15:45:47'),
	(110,'76561198039230536',1406,'46362','2013-07-14 15:45:47'),
	(111,'76561198042741599',1411,'46362','2013-07-14 15:45:47'),
	(112,'76561198045034733',1411,'46362','2013-07-14 15:45:47'),
	(113,'76561198058087062',1413,'46362','2013-07-14 15:45:47'),
	(114,'76561198041878103',1421,'46362','2013-07-14 15:45:47'),
	(115,'76561198005253093',1428,'46362','2013-07-14 15:45:47'),
	(116,'76561198029622986',1445,'46362','2013-07-14 15:45:47'),
	(117,'76561198042048214',1451,'46362','2013-07-14 15:45:47'),
	(118,'76561198003513323',1461,'46362','2013-07-14 15:45:47'),
	(119,'76561198026991036',1466,'46362','2013-07-14 15:45:47'),
	(120,'76561198060653685',1470,'46362','2013-07-14 15:45:47'),
	(121,'76561197989089300',1688,'47831','2013-07-14 15:45:47'),
	(122,'76561198007577949',1688,'47831','2013-07-14 15:45:47'),
	(123,'76561198011570397',1728,'47831','2013-07-14 15:45:47'),
	(124,'76561198045034733',1728,'47831','2013-07-14 15:45:47'),
	(125,'76561198041349990',1756,'47831','2013-07-14 15:45:47'),
	(126,'76561198042995537',1756,'47831','2013-07-14 15:45:47'),
	(127,'76561197974616889',1765,'47831','2013-07-14 15:45:47'),
	(128,'76561198015678746',1765,'47831','2013-07-14 15:45:47'),
	(129,'76561198048636382',1801,'47831','2013-07-14 15:45:47'),
	(130,'76561198043899549',1818,'47831','2013-07-14 15:45:47'),
	(131,'76561198029622986',1820,'47831','2013-07-14 15:45:47'),
	(132,'76561198058087062',1829,'47831','2013-07-14 15:45:47'),
	(133,'76561198005253093',1866,'47831','2013-07-14 15:45:47'),
	(134,'76561198043770492',1866,'47831','2013-07-14 15:45:47'),
	(135,'76561197984513422',1876,'47831','2013-07-14 15:45:47'),
	(136,'76561198041878103',1888,'47831','2013-07-14 15:45:47'),
	(137,'76561198026851335',1893,'47831','2013-07-14 15:45:47'),
	(138,'76561198036324314',1893,'47831','2013-07-14 15:45:47'),
	(139,'76561198039230536',1893,'47831','2013-07-14 15:45:47'),
	(140,'76561198001523094',1910,'47831','2013-07-14 15:45:47'),
	(141,'76561197989089300',806,'47833','2013-07-14 15:45:47'),
	(142,'76561198007577949',806,'47833','2013-07-14 15:45:47'),
	(143,'76561198040268041',866,'47833','2013-07-14 15:45:47'),
	(144,'76561198046780305',866,'47833','2013-07-14 15:45:47'),
	(145,'76561197979618821',1166,'47833','2013-07-14 15:45:47'),
	(146,'76561197987670809',1166,'47833','2013-07-14 15:45:47'),
	(147,'76561197974616889',1266,'47833','2013-07-14 15:45:47'),
	(148,'76561198015678746',1266,'47833','2013-07-14 15:45:47'),
	(149,'76561198005253093',1285,'47833','2013-07-14 15:45:47'),
	(150,'76561198043770492',1285,'47833','2013-07-14 15:45:47'),
	(151,'76561198039230536',1290,'47833','2013-07-14 15:45:47'),
	(152,'76561198029622986',1293,'47833','2013-07-14 15:45:47'),
	(153,'76561198058087062',1301,'47833','2013-07-14 15:45:47'),
	(154,'76561198041349990',1305,'47833','2013-07-14 15:45:47'),
	(155,'76561198045034733',1305,'47833','2013-07-14 15:45:47'),
	(156,'76561198033855176',1316,'47833','2013-07-14 15:45:47'),
	(157,'76561198043899549',1321,'47833','2013-07-14 15:45:47'),
	(158,'76561198048636382',1321,'47833','2013-07-14 15:45:47'),
	(159,'76561198042995537',1326,'47833','2013-07-14 15:45:47'),
	(160,'76561198042476392',1330,'47833','2013-07-14 15:45:47'),
	(161,'76561197984513422',741,'47835','2013-07-14 15:45:47'),
	(162,'76561198040268041',1568,'47835','2013-07-14 15:45:47'),
	(163,'76561198046780305',1568,'47835','2013-07-14 15:45:47'),
	(164,'76561198015678746',1758,'47835','2013-07-14 15:45:47'),
	(165,'76561198026991036',1758,'47835','2013-07-14 15:45:47'),
	(166,'76561198041878103',1760,'47835','2013-07-14 15:45:47'),
	(167,'76561198041349990',1781,'47835','2013-07-14 15:45:47'),
	(168,'76561198045034733',1786,'47835','2013-07-14 15:45:47'),
	(169,'76561198058087062',1790,'47835','2013-07-14 15:45:47'),
	(170,'76561198042995537',1818,'47835','2013-07-14 15:45:47'),
	(171,'76561198043770492',1818,'47835','2013-07-14 15:45:47'),
	(172,'76561197974616889',1820,'47835','2013-07-14 15:45:47'),
	(173,'76561198042476392',1829,'47835','2013-07-14 15:45:47'),
	(174,'76561198039230536',1841,'47835','2013-07-14 15:45:47'),
	(175,'76561198057501496',1843,'47835','2013-07-14 15:45:47'),
	(176,'76561198030452514',1845,'47835','2013-07-14 15:45:47'),
	(177,'76561198043196429',1848,'47835','2013-07-14 15:45:47'),
	(178,'76561198048636382',1869,'47835','2013-07-14 15:45:47'),
	(179,'76561198040483651',1888,'47835','2013-07-14 15:45:47'),
	(180,'76561197994129426',1890,'47835','2013-07-14 15:45:47'),
	(181,'76561197984513422',836,'47837','2013-07-14 15:45:47'),
	(182,'76561197989089300',1051,'47837','2013-07-14 15:45:47'),
	(183,'76561198007577949',1051,'47837','2013-07-14 15:45:47'),
	(184,'76561198040268041',1058,'47837','2013-07-14 15:45:47'),
	(185,'76561198046780305',1058,'47837','2013-07-14 15:45:47'),
	(186,'76561197974616889',1615,'47837','2013-07-14 15:45:47'),
	(187,'76561198015678746',1615,'47837','2013-07-14 15:45:47'),
	(188,'76561198041349990',1616,'47837','2013-07-14 15:45:47'),
	(189,'76561198042995537',1616,'47837','2013-07-14 15:45:47'),
	(190,'76561198026991036',1636,'47837','2013-07-14 15:45:47'),
	(191,'76561198029622986',1691,'47837','2013-07-14 15:45:47'),
	(192,'76561198041878103',1693,'47837','2013-07-14 15:45:47'),
	(193,'76561198043770492',1705,'47837','2013-07-14 15:45:47'),
	(194,'76561198039230536',1718,'47837','2013-07-14 15:45:47'),
	(195,'76561198004857443',1733,'47837','2013-07-14 15:45:47'),
	(196,'76561198043899549',1733,'47837','2013-07-14 15:45:47'),
	(197,'76561198045034733',1740,'47837','2013-07-14 15:45:47'),
	(198,'76561197980522591',1785,'47837','2013-07-14 15:45:47'),
	(199,'76561198036819551',1785,'47837','2013-07-14 15:45:47'),
	(200,'76561198047120857',1785,'47837','2013-07-14 15:45:47'),
	(201,'76561198040268041',1286,'47840','2013-07-14 15:45:47'),
	(202,'76561198046780305',1286,'47840','2013-07-14 15:45:47'),
	(203,'76561197989089300',1600,'47840','2013-07-14 15:45:47'),
	(204,'76561198007577949',1600,'47840','2013-07-14 15:45:47'),
	(205,'76561197984513422',1975,'47840','2013-07-14 15:45:47'),
	(206,'76561198015678746',2523,'47840','2013-07-14 15:45:47'),
	(207,'76561198045034733',2523,'47840','2013-07-14 15:45:47'),
	(208,'76561198042995537',2530,'47840','2013-07-14 15:45:47'),
	(209,'76561198043770492',2530,'47840','2013-07-14 15:45:47'),
	(210,'76561198043899549',2538,'47840','2013-07-14 15:45:47'),
	(211,'76561198041878103',2550,'47840','2013-07-14 15:45:47'),
	(212,'76561198039230536',2598,'47840','2013-07-14 15:45:47'),
	(213,'76561198041349990',2606,'47840','2013-07-14 15:45:47'),
	(214,'76561198058087062',2671,'47840','2013-07-14 15:45:47'),
	(215,'76561198048636382',2866,'47840','2013-07-14 15:45:47'),
	(216,'76561198001523094',2871,'47840','2013-07-14 15:45:47'),
	(217,'76561197970166754',2888,'47840','2013-07-14 15:45:47'),
	(218,'76561197976086060',2888,'47840','2013-07-14 15:45:47'),
	(219,'76561198050909732',2925,'47840','2013-07-14 15:45:47'),
	(220,'76561198005253093',2988,'47840','2013-07-14 15:45:47'),
	(221,'76561198040268041',1611,'47841','2013-07-14 15:45:47'),
	(222,'76561198046780305',1611,'47841','2013-07-14 15:45:47'),
	(223,'76561197984513422',1716,'47841','2013-07-14 15:45:47'),
	(224,'76561198041349990',3065,'47841','2013-07-14 15:45:47'),
	(225,'76561198042995537',3065,'47841','2013-07-14 15:45:47'),
	(226,'76561198015678746',3121,'47841','2013-07-14 15:45:47'),
	(227,'76561198041878103',3121,'47841','2013-07-14 15:45:47'),
	(228,'76561198048179892',3146,'47841','2013-07-14 15:45:47'),
	(229,'76561197974616889',3180,'47841','2013-07-14 15:45:47'),
	(230,'76561198039230536',3180,'47841','2013-07-14 15:45:47'),
	(231,'76561198045034733',3180,'47841','2013-07-14 15:45:47'),
	(232,'76561198058087062',3186,'47841','2013-07-14 15:45:47'),
	(233,'76561198036324314',3288,'47841','2013-07-14 15:45:47'),
	(234,'76561198048636382',3339,'47841','2013-07-14 15:45:47'),
	(235,'76561198042476392',3328,'47841','2013-07-14 15:45:47'),
	(236,'76561198057501496',3328,'47841','2013-07-14 15:45:47'),
	(237,'76561198043770492',3443,'47841','2013-07-14 15:45:47'),
	(238,'76561198042371947',3483,'47841','2013-07-14 15:45:47'),
	(239,'76561198049848090',3488,'47841','2013-07-14 15:45:47'),
	(240,'76561198004871206',3511,'47841','2013-07-14 15:45:47'),
	(241,'76561198040268041',1261,'47844','2013-07-14 15:45:47'),
	(242,'76561198046780305',1261,'47844','2013-07-14 15:45:47'),
	(243,'76561198042995537',1663,'47844','2013-07-14 15:45:47'),
	(244,'76561198045034733',1663,'47844','2013-07-14 15:45:47'),
	(245,'76561198015678746',1676,'47844','2013-07-14 15:45:47'),
	(246,'76561198039230536',1676,'47844','2013-07-14 15:45:47'),
	(247,'76561198001523094',1678,'47844','2013-07-14 15:45:47'),
	(248,'76561198043770492',1678,'47844','2013-07-14 15:45:47'),
	(249,'76561198036324314',1753,'47844','2013-07-14 15:45:47'),
	(250,'76561198041878103',1756,'47844','2013-07-14 15:45:47'),
	(251,'76561198049848090',1761,'47844','2013-07-14 15:45:47'),
	(252,'76561198048252922',1766,'47844','2013-07-14 15:45:47'),
	(253,'76561198036819551',1773,'47844','2013-07-14 15:45:47'),
	(254,'76561198041349990',1776,'47844','2013-07-14 15:45:47'),
	(255,'76561198043196429',1776,'47844','2013-07-14 15:45:47'),
	(256,'76561198058087062',1776,'47844','2013-07-14 15:45:47'),
	(257,'76561197981001131',1783,'47844','2013-07-14 15:45:47'),
	(258,'76561198055489864',1801,'47844','2013-07-14 15:45:47'),
	(259,'76561198057501496',1815,'47844','2013-07-14 15:45:47'),
	(260,'76561198026991036',1821,'47844','2013-07-14 15:45:47'),
	(261,'76561197989089300',2001,'47845','2013-07-14 15:45:47'),
	(262,'76561198007577949',2001,'47845','2013-07-14 15:45:47'),
	(263,'76561198040268041',2090,'47845','2013-07-14 15:45:47'),
	(264,'76561198046780305',2090,'47845','2013-07-14 15:45:47'),
	(265,'76561197974616889',3678,'47845','2013-07-14 15:45:47'),
	(266,'76561198015678746',3678,'47845','2013-07-14 15:45:47'),
	(267,'76561197984513422',3751,'47845','2013-07-14 15:45:47'),
	(268,'76561198042995537',3805,'47845','2013-07-14 15:45:47'),
	(269,'76561198039230536',4293,'47845','2013-07-14 15:45:47'),
	(270,'76561198043770492',4308,'47845','2013-07-14 15:45:47'),
	(271,'76561198041349990',4350,'47845','2013-07-14 15:45:47'),
	(272,'76561198058087062',4358,'47845','2013-07-14 15:45:47'),
	(273,'76561198029622986',4378,'47845','2013-07-14 15:45:47'),
	(274,'76561198005253093',4393,'47845','2013-07-14 15:45:47'),
	(275,'76561198042741599',4393,'47845','2013-07-14 15:45:47'),
	(276,'76561198025422567',4420,'47845','2013-07-14 15:45:47'),
	(277,'76561197972784359',4431,'47845','2013-07-14 15:45:47'),
	(278,'76561198001523094',4433,'47845','2013-07-14 15:45:47'),
	(279,'76561197970166754',4591,'47845','2013-07-14 15:45:47'),
	(280,'76561197976086060',4591,'47845','2013-07-14 15:45:47'),
	(281,'76561198040268041',996,'47848','2013-07-14 15:45:47'),
	(282,'76561198046780305',996,'47848','2013-07-14 15:45:47'),
	(283,'76561197984513422',1201,'47848','2013-07-14 15:45:47'),
	(284,'76561198041349990',2786,'47848','2013-07-14 15:45:47'),
	(285,'76561198042995537',2786,'47848','2013-07-14 15:45:47'),
	(286,'76561198039230536',2898,'47848','2013-07-14 15:45:47'),
	(287,'76561198045034733',2898,'47848','2013-07-14 15:45:47'),
	(288,'76561198036324314',2908,'47848','2013-07-14 15:45:47'),
	(289,'76561197974616889',2938,'47848','2013-07-14 15:45:47'),
	(290,'76561198015678746',2938,'47848','2013-07-14 15:45:47'),
	(291,'76561198058087062',2945,'47848','2013-07-14 15:45:47'),
	(292,'76561198043770492',2968,'47848','2013-07-14 15:45:47'),
	(293,'76561198025192733',2981,'47848','2013-07-14 15:45:47'),
	(294,'76561198043899549',3026,'47848','2013-07-14 15:45:47'),
	(295,'76561198005253093',3040,'47848','2013-07-14 15:45:47'),
	(296,'76561198024088293',3048,'47848','2013-07-14 15:45:47'),
	(297,'76561198001523094',3088,'47848','2013-07-14 15:45:47'),
	(298,'76561198012912965',3088,'47848','2013-07-14 15:45:47'),
	(299,'76561198043196429',3130,'47848','2013-07-14 15:45:47'),
	(300,'76561198042476392',3145,'47848','2013-07-14 15:45:47'),
	(301,'76561198040268041',800,'47849','2013-07-14 15:45:47'),
	(302,'76561198046780305',800,'47849','2013-07-14 15:45:47'),
	(303,'76561197974616889',1103,'47849','2013-07-14 15:45:47'),
	(304,'76561198015678746',1103,'47849','2013-07-14 15:45:47'),
	(305,'76561198041349990',1148,'47849','2013-07-14 15:45:47'),
	(306,'76561198042995537',1148,'47849','2013-07-14 15:45:47'),
	(307,'76561198005253093',1180,'47849','2013-07-14 15:45:47'),
	(308,'76561198043770492',1180,'47849','2013-07-14 15:45:47'),
	(309,'76561198001523094',1181,'47849','2013-07-14 15:45:47'),
	(310,'76561198012912965',1181,'47849','2013-07-14 15:45:47'),
	(311,'76561198060032141',1183,'47849','2013-07-14 15:45:47'),
	(312,'76561198058087062',1200,'47849','2013-07-14 15:45:47'),
	(313,'76561197984513422',1201,'47849','2013-07-14 15:45:47'),
	(314,'76561198024088293',1233,'47849','2013-07-14 15:45:47'),
	(315,'76561198039230536',1283,'47849','2013-07-14 15:45:47'),
	(316,'76561198042476392',1298,'47849','2013-07-14 15:45:47'),
	(317,'76561198041878103',1380,'47849','2013-07-14 15:45:47'),
	(318,'76561198045034733',1380,'47849','2013-07-14 15:45:47'),
	(319,'76561198048636382',1380,'47849','2013-07-14 15:45:47'),
	(320,'76561198000992420',1410,'47849','2013-07-14 15:45:47'),
	(321,'76561198040268041',859,'47854','2013-07-14 15:45:47'),
	(322,'76561198046780305',859,'47854','2013-07-14 15:45:47'),
	(323,'76561197984513422',1373,'47854','2013-07-14 15:45:47'),
	(324,'76561198039230536',1571,'47854','2013-07-14 15:45:47'),
	(325,'76561198045034733',1571,'47854','2013-07-14 15:45:47'),
	(326,'76561198041349990',1595,'47854','2013-07-14 15:45:47'),
	(327,'76561198043899549',1595,'47854','2013-07-14 15:45:47'),
	(328,'76561198042995537',1611,'47854','2013-07-14 15:45:47'),
	(329,'76561198043770492',1611,'47854','2013-07-14 15:45:47'),
	(330,'76561198005253093',1615,'47854','2013-07-14 15:45:47'),
	(331,'76561198036324314',1636,'47854','2013-07-14 15:45:47'),
	(332,'76561197974616889',1638,'47854','2013-07-14 15:45:47'),
	(333,'76561198029622986',1638,'47854','2013-07-14 15:45:47'),
	(334,'76561198048179892',1640,'47854','2013-07-14 15:45:47'),
	(335,'76561198015678746',1675,'47854','2013-07-14 15:45:47'),
	(336,'76561198058087062',1675,'47854','2013-07-14 15:45:47'),
	(337,'76561198004871206',1693,'47854','2013-07-14 15:45:47'),
	(338,'76561198011570397',1693,'47854','2013-07-14 15:45:47'),
	(339,'76561198036819551',1698,'47854','2013-07-14 15:45:47'),
	(340,'76561198042476392',1735,'47854','2013-07-14 15:45:47'),
	(341,'76561198040268041',908,'47856','2013-07-14 15:45:47'),
	(342,'76561198046780305',908,'47856','2013-07-14 15:45:47'),
	(343,'76561197984513422',1676,'47856','2013-07-14 15:45:47'),
	(344,'76561197974616889',1868,'47856','2013-07-14 15:45:47'),
	(345,'76561198015678746',1868,'47856','2013-07-14 15:45:47'),
	(346,'76561198041349990',1895,'47856','2013-07-14 15:45:47'),
	(347,'76561198042995537',1895,'47856','2013-07-14 15:45:47'),
	(348,'76561198039230536',1946,'47856','2013-07-14 15:45:47'),
	(349,'76561198045034733',1946,'47856','2013-07-14 15:45:47'),
	(350,'76561198043770492',1985,'47856','2013-07-22 13:20:50'),
	(351,'76561198005253093',2000,'47856','2013-07-14 15:45:47'),
	(352,'76561198042741599',2000,'47856','2013-07-14 15:45:47'),
	(353,'76561198058087062',2008,'47856','2013-07-14 15:45:47'),
	(354,'76561198015995629',2078,'47856','2013-07-14 15:45:47'),
	(355,'76561198001523094',2098,'47856','2013-07-14 15:45:47'),
	(356,'76561198043899549',2116,'47856','2013-07-14 15:45:47'),
	(357,'76561197970166754',2123,'47856','2013-07-14 15:45:47'),
	(358,'76561197976086060',2123,'47856','2013-07-14 15:45:47'),
	(359,'76561198036324314',2126,'47856','2013-07-14 15:45:47'),
	(360,'76561198004871206',2131,'47856','2013-07-14 15:45:47'),
	(361,'76561198040268041',863,'47858','2013-07-14 15:45:47'),
	(362,'76561198046780305',863,'47858','2013-07-14 15:45:47'),
	(363,'76561197984513422',1493,'47858','2013-07-14 15:45:47'),
	(364,'76561198026851335',2465,'47858','2013-07-14 15:45:47'),
	(365,'76561198042995537',2465,'47858','2013-07-14 15:45:47'),
	(366,'76561197974616889',2613,'47858','2013-07-14 15:45:47'),
	(367,'76561198029622986',2613,'47858','2013-07-14 15:45:47'),
	(368,'76561198005253093',2628,'47858','2013-07-14 15:45:47'),
	(369,'76561198043770492',2628,'47858','2013-07-14 15:45:47'),
	(370,'76561198041349990',2631,'47858','2013-07-14 15:45:47'),
	(371,'76561198025422567',2661,'47858','2013-07-14 15:45:47'),
	(372,'76561197970166754',2678,'47858','2013-07-14 15:45:47'),
	(373,'76561197976086060',2678,'47858','2013-07-14 15:45:47'),
	(374,'76561198015678746',2703,'47858','2013-07-14 15:45:47'),
	(375,'76561198039230536',2703,'47858','2013-07-14 15:45:47'),
	(376,'76561198042476392',2703,'47858','2013-07-14 15:45:47'),
	(377,'76561198045034733',2703,'47858','2013-07-14 15:45:47'),
	(378,'76561198003513323',2733,'47858','2013-07-14 15:45:47'),
	(379,'76561198058087062',2801,'47858','2013-07-14 15:45:47'),
	(380,'76561198048179892',2848,'47858','2013-07-14 15:45:47'),
	(381,'76561198040268041',1153,'47861','2013-07-14 15:45:47'),
	(382,'76561198046780305',1153,'47861','2013-07-14 15:45:47'),
	(383,'76561198041349990',2533,'47861','2013-07-14 15:45:47'),
	(384,'76561198042995537',2533,'47861','2013-07-14 15:45:47'),
	(385,'76561198039230536',2586,'47861','2013-07-14 15:45:47'),
	(386,'76561197974616889',2610,'47861','2013-07-14 15:45:47'),
	(387,'76561198043770492',2621,'47861','2013-07-14 15:45:47'),
	(388,'76561197984513422',2636,'47861','2013-07-14 15:45:47'),
	(389,'76561198029622986',2638,'47861','2013-07-14 15:45:47'),
	(390,'76561198005253093',2651,'47861','2013-07-14 15:45:47'),
	(391,'76561198015678746',2676,'47861','2013-07-14 15:45:47'),
	(392,'76561198043899549',2716,'47861','2013-07-14 15:45:47'),
	(393,'76561198048636382',2723,'47861','2013-07-14 15:45:47'),
	(394,'76561198045034733',2728,'47861','2013-07-14 15:45:47'),
	(395,'76561198001523094',2755,'47861','2013-07-14 15:45:47'),
	(396,'76561198058087062',2761,'47861','2013-07-14 15:45:47'),
	(397,'76561197970166754',2881,'47861','2013-07-14 15:45:47'),
	(398,'76561197976086060',2881,'47861','2013-07-14 15:45:47'),
	(399,'76561198033001223',2921,'47861','2013-07-14 15:45:47'),
	(400,'76561198040483651',2951,'47861','2013-07-14 15:45:47'),
	(401,'76561198040268041',1276,'52642','2013-07-14 15:45:47'),
	(402,'76561198046780305',1276,'52642','2013-07-14 15:45:47'),
	(403,'76561198041349990',1958,'52642','2013-07-14 15:45:47'),
	(404,'76561198043770492',1958,'52642','2013-07-14 15:45:47'),
	(405,'76561198042995537',1971,'52642','2013-07-14 15:45:47'),
	(406,'76561198043899549',1971,'52642','2013-07-14 15:45:47'),
	(407,'76561198045034733',1990,'52642','2013-07-14 15:45:47'),
	(408,'76561198039230536',1996,'52642','2013-07-14 15:45:47'),
	(409,'76561198015678746',2018,'52642','2013-07-14 15:45:47'),
	(410,'76561198049848090',2026,'52642','2013-07-14 15:45:47'),
	(411,'76561198036324314',2031,'52642','2013-07-14 15:45:47'),
	(412,'76561198001523094',2035,'52642','2013-07-14 15:45:47'),
	(413,'76561197974616889',2085,'52642','2013-07-14 15:45:47'),
	(414,'76561198011570397',2116,'52642','2013-07-14 15:45:47'),
	(415,'76561198058087062',2116,'52642','2013-07-14 15:45:47'),
	(416,'76561198004871206',2123,'52642','2013-07-14 15:45:47'),
	(417,'76561198005253093',2128,'52642','2013-07-14 15:45:47'),
	(418,'76561198042741599',2128,'52642','2013-07-14 15:45:47'),
	(419,'76561197970166754',2148,'52642','2013-07-14 15:45:47'),
	(420,'76561197976086060',2148,'52642','2013-07-14 15:45:47'),
	(421,'76561197984513422',2426,'52660','2013-07-14 15:45:47'),
	(422,'76561198041349990',4481,'52660','2013-07-14 15:45:47'),
	(423,'76561198042995537',4481,'52660','2013-07-14 15:45:47'),
	(424,'76561197974616889',4525,'52660','2013-07-14 15:45:47'),
	(425,'76561198015678746',4525,'52660','2013-07-14 15:45:47'),
	(426,'76561198041878103',5328,'52660','2013-07-14 15:45:47'),
	(427,'76561198043899549',5351,'52660','2013-07-14 15:45:47'),
	(428,'76561198029622986',5455,'52660','2013-07-14 15:45:47'),
	(429,'76561198001523094',5461,'52660','2013-07-14 15:45:47'),
	(430,'76561198039230536',5496,'52660','2013-07-14 15:45:47'),
	(431,'76561197979618821',5595,'52660','2013-07-14 15:45:47'),
	(432,'76561197987670809',5595,'52660','2013-07-14 15:45:47'),
	(433,'76561197972803163',5685,'52660','2013-07-14 15:45:47'),
	(434,'76561197979963054',5685,'52660','2013-07-14 15:45:47'),
	(435,'76561198043770492',5700,'52660','2013-07-14 15:45:47'),
	(436,'76561197970166754',5716,'52660','2013-07-14 15:45:47'),
	(437,'76561197976086060',5716,'52660','2013-07-14 15:45:47'),
	(438,'76561198045147442',5716,'52660','2013-07-14 15:45:47'),
	(439,'76561198043196429',5756,'52660','2013-07-14 15:45:47'),
	(440,'76561198021734854',5823,'52660','2013-07-14 15:45:47'),
	(441,'76561198040268041',730,'52662','2013-07-14 15:45:47'),
	(442,'76561198046780305',730,'52662','2013-07-14 15:45:47'),
	(443,'76561197979618821',1553,'52662','2013-07-14 15:45:47'),
	(444,'76561197987670809',1553,'52662','2013-07-14 15:45:47'),
	(445,'76561198042995537',1603,'52662','2013-07-14 15:45:47'),
	(446,'76561198045034733',1603,'52662','2013-07-14 15:45:47'),
	(447,'76561198041349990',1675,'52662','2013-07-14 15:45:47'),
	(448,'76561198043770492',1675,'52662','2013-07-14 15:45:47'),
	(449,'76561198039230536',1679,'52662','2013-07-14 15:45:47'),
	(450,'76561198049848090',1679,'52662','2013-07-14 15:45:47'),
	(451,'76561198015678746',1695,'52662','2013-07-14 15:45:47'),
	(452,'76561198058087062',1695,'52662','2013-07-14 15:45:47'),
	(453,'76561198048636382',1698,'52662','2013-07-14 15:45:47'),
	(454,'76561198001523094',1750,'52662','2013-07-14 15:45:47'),
	(455,'76561197984513422',1778,'52662','2013-07-14 15:45:47'),
	(456,'76561198040982247',1780,'52662','2013-07-14 15:45:47'),
	(457,'76561197970166754',1788,'52662','2013-07-14 15:45:47'),
	(458,'76561197976086060',1788,'52662','2013-07-14 15:45:47'),
	(459,'76561198036324314',1836,'52662','2013-07-14 15:45:47'),
	(460,'76561198036819551',1898,'52662','2013-07-14 15:45:47'),
	(461,'76561198040268041',728,'52663','2013-07-14 15:45:47'),
	(462,'76561198046780305',728,'52663','2013-07-14 15:45:47'),
	(463,'76561198043899549',1621,'52663','2013-07-14 15:45:47'),
	(464,'76561198048179892',1621,'52663','2013-07-14 15:45:47'),
	(465,'76561197984513422',1640,'52663','2013-07-14 15:45:47'),
	(466,'76561198048636382',1731,'52663','2013-07-14 15:45:47'),
	(467,'76561198043196429',1851,'52663','2013-07-14 15:45:47'),
	(468,'76561198048252922',1851,'52663','2013-07-14 15:45:47'),
	(469,'76561198049848090',1853,'52663','2013-07-14 15:45:47'),
	(470,'76561197974616889',1929,'52663','2013-07-14 15:45:47'),
	(471,'76561198015678746',1929,'52663','2013-07-14 15:45:47'),
	(472,'76561198005253093',1946,'52663','2013-07-14 15:45:47'),
	(473,'76561198043770492',1946,'52663','2013-07-14 15:45:47'),
	(474,'76561198036819551',1961,'52663','2013-07-14 15:45:47'),
	(475,'76561198041349990',1970,'52663','2013-07-14 15:45:47'),
	(476,'76561198039230536',1975,'52663','2013-07-14 15:45:47'),
	(477,'76561197979618821',1976,'52663','2013-07-14 15:45:47'),
	(478,'76561197987670809',1976,'52663','2013-07-14 15:45:47'),
	(479,'76561198042995537',1976,'52663','2013-07-14 15:45:47'),
	(480,'76561198045034733',1985,'52663','2013-07-14 15:45:47'),
	(481,'76561198040268041',970,'52665','2013-07-14 15:45:47'),
	(482,'76561198046780305',970,'52665','2013-07-14 15:45:47'),
	(483,'76561197979618821',1083,'52665','2013-07-14 15:45:47'),
	(484,'76561197987670809',1083,'52665','2013-07-14 15:45:47'),
	(485,'76561198042995537',1521,'52665','2013-07-14 15:45:47'),
	(486,'76561198045034733',1521,'52665','2013-07-14 15:45:47'),
	(487,'76561198041349990',1525,'52665','2013-07-14 15:45:47'),
	(488,'76561198043899549',1525,'52665','2013-07-14 15:45:47'),
	(489,'76561198048179892',1525,'52665','2013-07-14 15:45:47'),
	(490,'76561198048636382',1540,'52665','2013-07-14 15:45:47'),
	(491,'76561198039230536',1545,'52665','2013-07-14 15:45:47'),
	(492,'76561198049848090',1545,'52665','2013-07-14 15:45:47'),
	(493,'76561198029622986',1546,'52665','2013-07-14 15:45:47'),
	(494,'76561197974616889',1556,'52665','2013-07-14 15:45:47'),
	(495,'76561198005253093',1561,'52665','2013-07-14 15:45:47'),
	(496,'76561198043770492',1561,'52665','2013-07-14 15:45:47'),
	(497,'76561198036324314',1578,'52665','2013-07-14 15:45:47'),
	(498,'76561198015678746',1590,'52665','2013-07-14 15:45:47'),
	(499,'76561198008662184',1598,'52665','2013-07-14 15:45:47'),
	(500,'76561197970166754',1601,'52665','2013-07-14 15:45:47'),
	(501,'76561198040268041',1050,'52667','2013-07-14 15:45:47'),
	(502,'76561198046780305',1050,'52667','2013-07-14 15:45:47'),
	(503,'76561198042995537',1703,'52667','2013-07-14 15:45:47'),
	(504,'76561198045034733',1703,'52667','2013-07-14 15:45:47'),
	(505,'76561198041349990',1725,'52667','2013-07-14 15:45:47'),
	(506,'76561198043770492',1725,'52667','2013-07-14 15:45:47'),
	(507,'76561198036324314',1760,'52667','2013-07-14 15:45:47'),
	(508,'76561198039230536',1760,'52667','2013-07-14 15:45:47'),
	(509,'76561198004871206',1813,'52667','2013-07-14 15:45:47'),
	(510,'76561198015678746',1856,'52667','2013-07-14 15:45:47'),
	(511,'76561198058087062',1856,'52667','2013-07-14 15:45:47'),
	(512,'76561198001523094',1866,'52667','2013-07-14 15:45:47'),
	(513,'76561198011570397',1873,'52667','2013-07-14 15:45:47'),
	(514,'76561198048636382',1881,'52667','2013-07-14 15:45:47'),
	(515,'76561197979618821',1900,'52667','2013-07-14 15:45:47'),
	(516,'76561197987670809',1900,'52667','2013-07-14 15:45:47'),
	(517,'76561198049848090',1950,'52667','2013-07-14 15:45:47'),
	(518,'76561197970166754',1961,'52667','2013-07-14 15:45:47'),
	(519,'76561197976086060',1961,'52667','2013-07-14 15:45:47'),
	(520,'76561197980620221',1975,'52667','2013-07-14 15:45:47'),
	(521,'76561198040268041',636,'52671','2013-07-14 15:45:47'),
	(522,'76561198046780305',636,'52671','2013-07-14 15:45:47'),
	(523,'76561198041349990',836,'52671','2013-07-14 15:45:47'),
	(524,'76561198043899549',836,'52671','2013-07-14 15:45:47'),
	(525,'76561198042995537',840,'52671','2013-07-14 15:45:47'),
	(526,'76561198043770492',840,'52671','2013-07-14 15:45:47'),
	(527,'76561198048179892',841,'52671','2013-07-14 15:45:47'),
	(528,'76561198045034733',843,'52671','2013-07-14 15:45:47'),
	(529,'76561198011570397',858,'52671','2013-07-14 15:45:47'),
	(530,'76561198015678746',860,'52671','2013-07-14 15:45:47'),
	(531,'76561198005253093',865,'52671','2013-07-14 15:45:47'),
	(532,'76561198029622986',866,'52671','2013-07-14 15:45:47'),
	(533,'76561198039230536',875,'52671','2013-07-14 15:45:47'),
	(534,'76561198043196429',880,'52671','2013-07-14 15:45:47'),
	(535,'76561198048252922',880,'52671','2013-07-14 15:45:47'),
	(536,'76561197974616889',883,'52671','2013-07-14 15:45:47'),
	(537,'76561198049848090',885,'52671','2013-07-14 15:45:47'),
	(538,'76561198039145818',898,'52671','2013-07-14 15:45:47'),
	(539,'76561198048636382',898,'52671','2013-07-14 15:45:47'),
	(540,'76561198058087062',901,'52671','2013-07-14 15:45:47'),
	(541,'76561198040268041',881,'52687','2013-07-14 15:45:47'),
	(542,'76561198046780305',881,'52687','2013-07-14 15:45:47'),
	(543,'76561197979618821',1450,'52687','2013-07-14 15:45:47'),
	(544,'76561197987670809',1450,'52687','2013-07-14 15:45:47'),
	(545,'76561198042995537',1466,'52687','2013-07-14 15:45:47'),
	(546,'76561198045034733',1466,'52687','2013-07-14 15:45:47'),
	(547,'76561198041349990',1475,'52687','2013-07-14 15:45:47'),
	(548,'76561198043770492',1475,'52687','2013-07-14 15:45:47'),
	(549,'76561198005253093',1490,'52687','2013-07-14 15:45:47'),
	(550,'76561198021734854',1508,'52687','2013-07-14 15:45:47'),
	(551,'76561198029622986',1516,'52687','2013-07-14 15:45:47'),
	(552,'76561197980620221',1526,'52687','2013-07-14 15:45:47'),
	(553,'76561198036324314',1530,'52687','2013-07-14 15:45:47'),
	(554,'76561198039230536',1530,'52687','2013-07-14 15:45:47'),
	(555,'76561197970166754',1545,'52687','2013-07-14 15:45:47'),
	(556,'76561197976086060',1545,'52687','2013-07-14 15:45:47'),
	(557,'76561198004871206',1553,'52687','2013-07-14 15:45:47'),
	(558,'76561198015678746',1605,'52687','2013-07-14 15:45:47'),
	(559,'76561198049848090',1611,'52687','2013-07-14 15:45:47'),
	(560,'76561198011570397',1615,'52687','2013-07-14 15:45:47'),
	(561,'76561197979618821',1458,'52689','2013-07-14 15:45:47'),
	(562,'76561197987670809',1458,'52689','2013-07-14 15:45:47'),
	(563,'76561198042618651',1526,'52689','2013-07-14 15:45:47'),
	(564,'76561198046780305',1526,'52689','2013-07-14 15:45:47'),
	(565,'76561197984513422',1674,'52689','2013-07-14 15:45:47'),
	(566,'76561198041349990',2020,'52689','2013-07-14 15:45:47'),
	(567,'76561198042995537',2020,'52689','2013-07-14 15:45:47'),
	(568,'76561198039230536',2028,'52689','2013-07-14 15:45:47'),
	(569,'76561198045034733',2028,'52689','2013-07-14 15:45:47'),
	(570,'76561198001523094',2046,'52689','2013-07-14 15:45:47'),
	(571,'76561198012912965',2046,'52689','2013-07-14 15:45:47'),
	(572,'76561198029622986',2050,'52689','2013-07-14 15:45:47'),
	(573,'76561198043770492',2050,'52689','2013-07-14 15:45:47'),
	(574,'76561198015678746',2070,'52689','2013-07-14 15:45:47'),
	(575,'76561198058087062',2070,'52689','2013-07-14 15:45:47'),
	(576,'76561198036324314',2093,'52689','2013-07-14 15:45:47'),
	(577,'76561198049848090',2108,'52689','2013-07-14 15:45:47'),
	(578,'76561198042476392',2113,'52689','2013-07-14 15:45:47'),
	(579,'76561198060653685',2113,'52689','2013-07-14 15:45:47'),
	(580,'76561197974616889',2128,'52689','2013-07-14 15:45:47'),
	(581,'76561198042618651',930,'52691','2013-07-14 15:45:47'),
	(582,'76561198046780305',930,'52691','2013-07-14 15:45:47'),
	(583,'76561197984513422',1968,'52691','2013-07-14 15:45:47'),
	(584,'76561198041349990',2310,'52691','2013-07-14 15:45:47'),
	(585,'76561198042995537',2310,'52691','2013-07-14 15:45:47'),
	(586,'76561198039230536',2328,'52691','2013-07-14 15:45:47'),
	(587,'76561198045034733',2328,'52691','2013-07-14 15:45:47'),
	(588,'76561198060653685',2406,'52691','2013-07-14 15:45:47'),
	(589,'76561198042476392',2406,'52691','2013-07-14 15:45:47'),
	(590,'76561198058087062',2443,'52691','2013-07-14 15:45:47'),
	(591,'76561198057501496',2445,'52691','2013-07-14 15:45:47'),
	(592,'76561197974616889',2476,'52691','2013-07-14 15:45:47'),
	(593,'76561198015678746',2476,'52691','2013-07-14 15:45:47'),
	(594,'76561198036819551',2545,'52691','2013-07-14 15:45:47'),
	(595,'76561198048636382',2545,'52691','2013-07-14 15:45:47'),
	(596,'76561198068315512',2551,'52691','2013-07-14 15:45:47'),
	(597,'76561198026851335',2568,'52691','2013-07-14 15:45:47'),
	(598,'76561198041878103',2568,'52691','2013-07-14 15:45:47'),
	(599,'76561198005253093',2590,'52691','2013-07-14 15:45:47'),
	(600,'76561198043770492',2590,'52691','2013-07-14 15:45:47'),
	(601,'76561198041349990',2476,'52777','2013-07-14 15:45:47'),
	(602,'76561198043770492',2476,'52777','2013-07-14 15:45:47'),
	(603,'76561197974616889',2480,'52777','2013-07-14 15:45:47'),
	(604,'76561198015678746',2480,'52777','2013-07-14 15:45:47'),
	(605,'76561198011570397',2545,'52777','2013-07-14 15:45:47'),
	(606,'76561198042995537',2571,'52777','2013-07-14 15:45:47'),
	(607,'76561198045034733',2593,'52777','2013-07-14 15:45:47'),
	(608,'76561198039230536',2548,'52777','2013-07-14 15:45:47'),
	(609,'76561198042476392',2680,'52777','2013-07-14 15:45:47'),
	(610,'76561198058087062',2690,'52777','2013-07-14 15:45:47'),
	(611,'76561198029622986',2740,'52777','2013-07-14 15:45:47'),
	(612,'76561198049848090',2753,'52777','2013-07-14 15:45:47'),
	(613,'76561198001523094',2765,'52777','2013-07-14 15:45:47'),
	(614,'76561198036324314',2785,'52777','2013-07-14 15:45:47'),
	(615,'76561197970166754',2805,'52777','2013-07-14 15:45:47'),
	(616,'76561197976086060',2805,'52777','2013-07-14 15:45:47'),
	(617,'76561197980522591',2908,'52777','2013-07-14 15:45:47'),
	(618,'76561198047120857',2908,'52777','2013-07-14 15:45:47'),
	(619,'76561198060653685',2841,'52777','2013-07-14 15:45:47'),
	(620,'76561197970314683',3105,'52777','2013-07-14 15:45:47'),
	(621,'76561198039245442',864,'52694','2013-07-14 15:45:47'),
	(622,'76561198046780305',864,'52694','2013-07-14 15:45:47'),
	(623,'76561197979618821',1091,'52694','2013-07-14 15:45:47'),
	(624,'76561197987670809',1091,'52694','2013-07-14 15:45:47'),
	(625,'76561197974616889',1215,'52694','2013-07-14 15:45:47'),
	(626,'76561198015678746',1215,'52694','2013-07-14 15:45:47'),
	(627,'76561197984513422',1234,'52694','2013-07-14 15:45:47'),
	(628,'76561198042995537',1501,'52694','2013-07-14 15:45:47'),
	(629,'76561198045034733',1501,'52694','2013-07-14 15:45:47'),
	(630,'76561198041349990',1510,'52694','2013-07-14 15:45:47'),
	(631,'76561198067016561',1510,'52694','2013-07-14 15:45:47'),
	(632,'76561198036324314',1551,'52694','2013-07-14 15:45:47'),
	(633,'76561198039230536',1551,'52694','2013-07-14 15:45:47'),
	(634,'76561198048179892',1590,'52694','2013-07-14 15:45:47'),
	(635,'76561198048252922',1719,'52694','2013-07-14 15:45:47'),
	(636,'76561198058087062',1750,'52694','2013-07-14 15:45:47'),
	(637,'76561198001523094',1851,'52694','2013-07-14 15:45:47'),
	(638,'76561198043770492',1851,'52694','2013-07-14 15:45:47'),
	(639,'76561197970166754',1856,'52694','2013-07-14 15:45:47'),
	(640,'76561197976086060',1856,'52694','2013-07-14 15:45:47'),
	(641,'76561198039245442',1038,'52711','2013-07-14 15:45:47'),
	(642,'76561198046780305',1038,'52711','2013-07-14 15:45:47'),
	(643,'76561198042995537',1205,'52711','2013-07-14 15:45:47'),
	(644,'76561198045034733',1205,'52711','2013-07-14 15:45:47'),
	(645,'76561197974616889',1215,'52711','2013-07-14 15:45:47'),
	(646,'76561198015678746',1215,'52711','2013-07-14 15:45:47'),
	(647,'76561198041349990',1216,'52711','2013-07-14 15:45:47'),
	(648,'76561198043899549',1216,'52711','2013-07-14 15:45:47'),
	(649,'76561198045147442',1243,'52711','2013-07-14 15:45:47'),
	(650,'76561198005253093',1248,'52711','2013-07-14 15:45:47'),
	(651,'76561198043770492',1248,'52711','2013-07-14 15:45:47'),
	(652,'76561198058087062',1253,'52711','2013-07-14 15:45:47'),
	(653,'76561198001523094',1258,'52711','2013-07-14 15:45:47'),
	(654,'76561198039230536',1236,'52711','2013-07-22 13:20:50'),
	(655,'76561197970166754',1278,'52711','2013-07-14 15:45:47'),
	(656,'76561197976086060',1278,'52711','2013-07-14 15:45:47'),
	(657,'76561198004871206',1281,'52711','2013-07-14 15:45:47'),
	(658,'76561197981001131',1290,'52711','2013-07-14 15:45:47'),
	(659,'76561198026851335',1300,'52711','2013-07-14 15:45:47'),
	(660,'76561198029622986',1315,'52711','2013-07-14 15:45:47'),
	(661,'76561198039245442',836,'52714','2013-07-14 15:45:47'),
	(662,'76561198046780305',836,'52714','2013-07-14 15:45:47'),
	(663,'76561198039230536',1575,'52714','2013-07-14 15:45:47'),
	(664,'76561198045034733',1575,'52714','2013-07-14 15:45:47'),
	(665,'76561198001523094',1618,'52714','2013-07-14 15:45:47'),
	(666,'76561198043770492',1618,'52714','2013-07-14 15:45:47'),
	(667,'76561197970166754',1621,'52714','2013-07-14 15:45:47'),
	(668,'76561197976086060',1621,'52714','2013-07-14 15:45:47'),
	(669,'76561198005253093',1684,'52714','2013-07-14 15:45:47'),
	(670,'76561198036324314',1768,'52714','2013-07-14 15:45:47'),
	(671,'76561198049848090',1768,'52714','2013-07-14 15:45:47'),
	(672,'76561198015678746',1841,'52714','2013-07-14 15:45:47'),
	(673,'76561198058087062',1841,'52714','2013-07-14 15:45:47'),
	(674,'76561198042826988',1881,'52714','2013-07-14 15:45:47'),
	(675,'76561198048636382',1886,'52714','2013-07-14 15:45:47'),
	(676,'76561198004871206',1906,'52714','2013-07-14 15:45:47'),
	(677,'76561198011570397',1906,'52714','2013-07-14 15:45:47'),
	(678,'76561198026851335',1936,'52714','2013-07-14 15:45:47'),
	(679,'76561198029622986',2035,'52714','2013-07-14 15:45:47'),
	(680,'76561198039145818',2046,'52714','2013-07-14 15:45:47'),
	(681,'76561198040268041',1361,'52715','2013-07-14 15:45:47'),
	(682,'76561198046780305',1361,'52715','2013-07-14 15:45:47'),
	(683,'76561198042995537',2060,'52715','2013-07-14 15:45:47'),
	(684,'76561198045034733',2060,'52715','2013-07-14 15:45:47'),
	(685,'76561198043899549',2091,'52715','2013-07-14 15:45:47'),
	(686,'76561198041878103',2115,'52715','2013-07-14 15:45:47'),
	(687,'76561198048179892',2115,'52715','2013-07-14 15:45:47'),
	(688,'76561198026851335',2116,'52715','2013-07-14 15:45:47'),
	(689,'76561198036978804',2168,'52715','2013-07-14 15:45:47'),
	(690,'76561198043770492',2181,'52715','2013-07-14 15:45:47'),
	(691,'76561198001523094',2205,'52715','2013-07-14 15:45:47'),
	(692,'76561198015678746',2205,'52715','2013-07-14 15:45:47'),
	(693,'76561198058087062',2205,'52715','2013-07-14 15:45:47'),
	(694,'76561197974616889',2220,'52715','2013-07-14 15:45:47'),
	(695,'76561198005253093',2220,'52715','2013-07-14 15:45:47'),
	(696,'76561198042741599',2220,'52715','2013-07-14 15:45:47'),
	(697,'76561198048636382',2261,'52715','2013-07-14 15:45:47'),
	(698,'76561198039230536',2268,'52715','2013-07-14 15:45:47'),
	(699,'76561198004871206',2271,'52715','2013-07-14 15:45:47'),
	(700,'76561198011570397',2271,'52715','2013-07-14 15:45:47'),
	(701,'76561198040268041',1333,'52717','2013-07-14 15:45:47'),
	(702,'76561198046780305',1333,'52717','2013-07-14 15:45:47'),
	(703,'76561198042995537',2728,'52717','2013-07-14 15:45:47'),
	(704,'76561198045034733',2728,'52717','2013-07-14 15:45:47'),
	(705,'76561198041878103',2783,'52717','2013-07-14 15:45:47'),
	(706,'76561198048636382',2783,'52717','2013-07-14 15:45:47'),
	(707,'76561198005253093',2866,'52717','2013-07-14 15:45:47'),
	(708,'76561198043770492',2866,'52717','2013-07-14 15:45:47'),
	(709,'76561197984513422',2895,'52717','2013-07-14 15:45:47'),
	(710,'76561198015678746',2923,'52717','2013-07-14 15:45:47'),
	(711,'76561197970166754',2931,'52717','2013-07-14 15:45:47'),
	(712,'76561197976086060',2931,'52717','2013-07-14 15:45:47'),
	(713,'76561198036324314',3231,'52717','2013-07-14 15:45:47'),
	(714,'76561198039230536',3231,'52717','2013-07-14 15:45:47'),
	(715,'76561198041349990',3301,'52717','2013-07-14 15:45:47'),
	(716,'76561198058087062',3301,'52717','2013-07-14 15:45:47'),
	(717,'76561198011570397',3318,'52717','2013-07-14 15:45:47'),
	(718,'76561198031719899',3318,'52717','2013-07-14 15:45:47'),
	(719,'76561197970314683',3320,'52717','2013-07-14 15:45:47'),
	(720,'76561197996816207',3320,'52717','2013-07-14 15:45:47'),
	(721,'76561198040268041',988,'52735','2013-07-14 15:45:47'),
	(722,'76561198046780305',988,'52735','2013-07-14 15:45:47'),
	(723,'76561198042995537',1528,'52735','2013-07-14 15:45:47'),
	(724,'76561198045034733',1528,'52735','2013-07-14 15:45:47'),
	(725,'76561198005253093',1551,'52735','2013-07-14 15:45:47'),
	(726,'76561198043770492',1551,'52735','2013-07-14 15:45:47'),
	(727,'76561198000992420',1553,'52735','2013-07-14 15:45:47'),
	(728,'76561198041878103',1553,'52735','2013-07-14 15:45:47'),
	(729,'76561197970166754',1591,'52735','2013-07-14 15:45:47'),
	(730,'76561197976086060',1591,'52735','2013-07-14 15:45:47'),
	(731,'76561198036324314',1615,'52735','2013-07-14 15:45:47'),
	(732,'76561198039230536',1615,'52735','2013-07-14 15:45:47'),
	(733,'76561198048636382',1631,'52735','2013-07-14 15:45:47'),
	(734,'76561198015678746',1654,'52735','2013-07-14 15:45:47'),
	(735,'76561198026851335',1654,'52735','2013-07-14 15:45:47'),
	(736,'76561198042476392',1654,'52735','2013-07-14 15:45:47'),
	(737,'76561198041349990',1685,'52735','2013-07-14 15:45:47'),
	(738,'76561198030748701',1686,'52735','2013-07-14 15:45:47'),
	(739,'76561198004871206',1716,'52735','2013-07-14 15:45:47'),
	(740,'76561198029622986',1716,'52735','2013-07-14 15:45:47'),
	(741,'76561198040268041',985,'52738','2013-07-14 15:45:47'),
	(742,'76561198046780305',985,'52738','2013-07-14 15:45:47'),
	(743,'76561197984513422',1461,'52738','2013-07-14 15:45:47'),
	(744,'76561198042995537',1706,'52738','2013-07-14 15:45:47'),
	(745,'76561198045034733',1706,'52738','2013-07-14 15:45:47'),
	(746,'76561198011570397',1735,'52738','2013-07-14 15:45:47'),
	(747,'76561198043770492',1735,'52738','2013-07-14 15:45:47'),
	(748,'76561198015678746',1738,'52738','2013-07-14 15:45:47'),
	(749,'76561198029622986',1738,'52738','2013-07-14 15:45:47'),
	(750,'76561197974616889',1791,'52738','2013-07-14 15:45:47'),
	(751,'76561198005253093',1816,'52738','2013-07-14 15:45:47'),
	(752,'76561198041878103',1816,'52738','2013-07-14 15:45:47'),
	(753,'76561198058087062',1855,'52738','2013-07-14 15:45:47'),
	(754,'76561198041349990',1858,'52738','2013-07-14 15:45:47'),
	(755,'76561198039230536',1863,'52738','2013-07-14 15:45:47'),
	(756,'76561197970166754',1875,'52738','2013-07-14 15:45:47'),
	(757,'76561197976086060',1875,'52738','2013-07-14 15:45:47'),
	(758,'76561198026851335',1921,'52738','2013-07-14 15:45:47'),
	(759,'76561198048179892',1929,'52738','2013-07-14 15:45:47'),
	(760,'76561198021734854',1935,'52738','2013-07-14 15:45:47'),
	(761,'76561198040268041',1461,'52740','2013-07-14 15:45:47'),
	(762,'76561198046780305',1461,'52740','2013-07-14 15:45:47'),
	(763,'76561197984513422',3935,'52740','2013-07-14 15:45:47'),
	(764,'76561197979618821',4280,'52740','2013-07-14 15:45:47'),
	(765,'76561197987670809',4280,'52740','2013-07-14 15:45:47'),
	(766,'76561198041349990',4310,'52740','2013-07-14 15:45:47'),
	(767,'76561198042995537',4310,'52740','2013-07-14 15:45:47'),
	(768,'76561198029622986',4345,'52740','2013-07-14 15:45:47'),
	(769,'76561197974616889',4438,'52740','2013-07-14 15:45:47'),
	(770,'76561197970166754',4440,'52740','2013-07-14 15:45:47'),
	(771,'76561197976086060',4440,'52740','2013-07-14 15:45:47'),
	(772,'76561198005253093',4478,'52740','2013-07-14 15:45:47'),
	(773,'76561198043770492',4478,'52740','2013-07-14 15:45:47'),
	(774,'76561198003513323',4515,'52740','2013-07-14 15:45:47'),
	(775,'76561198045034733',4515,'52740','2013-07-14 15:45:47'),
	(776,'76561198048060838',4615,'52740','2013-07-14 15:45:47'),
	(777,'76561198004871206',4703,'52740','2013-07-14 15:45:47'),
	(778,'76561198011570397',4703,'52740','2013-07-14 15:45:47'),
	(779,'76561198042371947',4758,'52740','2013-07-14 15:45:47'),
	(780,'76561198040483651',4846,'52740','2013-07-14 15:45:47'),
	(781,'76561198040268041',1371,'49341','2013-07-14 15:45:47'),
	(782,'76561198046780305',1371,'49341','2013-07-14 15:45:47'),
	(783,'76561197984513422',3040,'49341','2013-07-14 15:45:47'),
	(784,'76561198041349990',3498,'49341','2013-07-14 15:45:47'),
	(785,'76561198042995537',3498,'49341','2013-07-14 15:45:47'),
	(786,'76561198039230536',3556,'49341','2013-07-14 15:45:47'),
	(787,'76561198045034733',3556,'49341','2013-07-14 15:45:47'),
	(788,'76561198043770492',3568,'49341','2013-07-14 15:45:47'),
	(789,'76561198003513323',3614,'49341','2013-07-14 15:45:47'),
	(790,'76561197974616889',3620,'49341','2013-07-14 15:45:47'),
	(791,'76561198001523094',3636,'49341','2013-07-14 15:45:47'),
	(792,'76561198005253093',3676,'49341','2013-07-14 15:45:47'),
	(793,'76561198026851335',3680,'49341','2013-07-14 15:45:47'),
	(794,'76561198041878103',3680,'49341','2013-07-14 15:45:47'),
	(795,'76561198004871206',3763,'49341','2013-07-14 15:45:47'),
	(796,'76561198024088293',3775,'49341','2013-07-14 15:45:47'),
	(797,'76561198043899549',3783,'49341','2013-07-14 15:45:47'),
	(798,'76561198029622986',3825,'49341','2013-07-14 15:45:47'),
	(799,'76561198036324314',3908,'49341','2013-07-14 15:45:47'),
	(800,'76561197970166754',3920,'49341','2013-07-14 15:45:47'),
	(801,'76561198040268041',698,'49343','2013-07-14 15:45:47'),
	(802,'76561198046780305',698,'49343','2013-07-14 15:45:47'),
	(803,'76561197979618821',2375,'49343','2013-07-14 15:45:47'),
	(804,'76561197987670809',2375,'49343','2013-07-14 15:45:47'),
	(805,'76561198042995537',2571,'49343','2013-07-14 15:45:47'),
	(806,'76561198045034733',2571,'49343','2013-07-14 15:45:47'),
	(807,'76561198043770492',2616,'49343','2013-07-14 15:45:47'),
	(808,'76561198001523094',2684,'49343','2013-07-14 15:45:47'),
	(809,'76561198005253093',2780,'49343','2013-07-14 15:45:47'),
	(810,'76561198042741599',2780,'49343','2013-07-14 15:45:47'),
	(811,'76561198021734854',2915,'49343','2013-07-14 15:45:47'),
	(812,'76561198048636382',2968,'49343','2013-07-14 15:45:47'),
	(813,'76561198042476392',2995,'49343','2013-07-14 15:45:47'),
	(814,'76561198057501496',2995,'49343','2013-07-14 15:45:47'),
	(815,'76561198060653685',3088,'49343','2013-07-14 15:45:47'),
	(816,'76561198039230536',3115,'49343','2013-07-14 15:45:47'),
	(817,'76561198049848090',3115,'49343','2013-07-14 15:45:47'),
	(818,'76561198004871206',3186,'49343','2013-07-14 15:45:47'),
	(819,'76561198011570397',3186,'49343','2013-07-14 15:45:47'),
	(820,'76561197970314683',3198,'49343','2013-07-14 15:45:47'),
	(821,'76561198042995537',885,'49345','2013-07-14 15:45:47'),
	(822,'76561198043770492',885,'49345','2013-07-14 15:45:47'),
	(823,'76561198008662184',891,'49345','2013-07-14 15:45:47'),
	(824,'76561198039145818',891,'49345','2013-07-14 15:45:47'),
	(825,'76561198045034733',896,'49345','2013-07-14 15:45:47'),
	(826,'76561198005253093',916,'49345','2013-07-14 15:45:47'),
	(827,'76561198015678746',931,'49345','2013-07-14 15:45:47'),
	(828,'76561198058087062',931,'49345','2013-07-14 15:45:47'),
	(829,'76561197970166754',945,'49345','2013-07-14 15:45:47'),
	(830,'76561197976086060',945,'49345','2013-07-14 15:45:47'),
	(831,'76561198041349990',946,'49345','2013-07-14 15:45:47'),
	(832,'76561198048636382',948,'49345','2013-07-14 15:45:47'),
	(833,'76561198036324314',950,'49345','2013-07-14 15:45:47'),
	(834,'76561198039230536',950,'49345','2013-07-14 15:45:47'),
	(835,'76561198001523094',955,'49345','2013-07-14 15:45:47'),
	(836,'76561198012912965',955,'49345','2013-07-14 15:45:47'),
	(837,'76561197974616889',956,'49345','2013-07-14 15:45:47'),
	(838,'76561198025422567',963,'49345','2013-07-14 15:45:47'),
	(839,'76561198044869842',963,'49345','2013-07-14 15:45:47'),
	(840,'76561198026991036',966,'49345','2013-07-14 15:45:47'),
	(841,'76561198040268041',1503,'49347','2013-07-14 15:45:47'),
	(842,'76561198046780305',1503,'49347','2013-07-14 15:45:47'),
	(843,'76561198042995537',2976,'49347','2013-07-14 15:45:47'),
	(844,'76561198045034733',2976,'49347','2013-07-14 15:45:47'),
	(845,'76561198005253093',3036,'49347','2013-07-14 15:45:47'),
	(846,'76561198043770492',3036,'49347','2013-07-14 15:45:47'),
	(847,'76561198000992420',3360,'49347','2013-07-14 15:45:47'),
	(848,'76561198048636382',3360,'49347','2013-07-14 15:45:47'),
	(849,'76561198025422567',3556,'49347','2013-07-14 15:45:47'),
	(850,'76561198026851335',3556,'49347','2013-07-14 15:45:47'),
	(851,'76561198001523094',3581,'49347','2013-07-14 15:45:47'),
	(852,'76561198004871206',3656,'49347','2013-07-14 15:45:47'),
	(853,'76561198015678746',3656,'49347','2013-07-14 15:45:47'),
	(854,'76561198039230536',3690,'49347','2013-07-14 15:45:47'),
	(855,'76561198049848090',3690,'49347','2013-07-14 15:45:47'),
	(856,'76561198021734854',3826,'49347','2013-07-14 15:45:47'),
	(857,'76561198029304443',3826,'49347','2013-07-14 15:45:47'),
	(858,'76561197970166754',4476,'49347','2013-07-14 15:45:47'),
	(859,'76561197976086060',4476,'49347','2013-07-14 15:45:47'),
	(860,'76561198036324314',5146,'49347','2013-07-14 15:45:47'),
	(861,'76561198040268041',2748,'49349','2013-07-14 15:45:47'),
	(862,'76561198046780305',2748,'49349','2013-07-14 15:45:47'),
	(863,'76561198042995537',6166,'49349','2013-07-14 15:45:47'),
	(864,'76561198043770492',6166,'49349','2013-07-14 15:45:47'),
	(865,'76561197974616889',6585,'49349','2013-07-14 15:45:47'),
	(866,'76561198015678746',6585,'49349','2013-07-14 15:45:47'),
	(867,'76561198039230536',6715,'49349','2013-07-14 15:45:47'),
	(868,'76561197970166754',6973,'49349','2013-07-14 15:45:47'),
	(869,'76561197976086060',6973,'49349','2013-07-14 15:45:47'),
	(870,'76561198042476392',7071,'49349','2013-07-14 15:45:47'),
	(871,'76561198057501496',7071,'49349','2013-07-14 15:45:47'),
	(872,'76561198058087062',7189,'49349','2013-07-14 15:45:47'),
	(873,'76561198042741599',7243,'49349','2013-07-14 15:45:47'),
	(874,'76561198000992420',7251,'49349','2013-07-14 15:45:47'),
	(875,'76561198049848090',7251,'49349','2013-07-14 15:45:47'),
	(876,'76561198045034733',7460,'49349','2013-07-14 15:45:47'),
	(877,'76561198048636382',7460,'49349','2013-07-14 15:45:47'),
	(878,'76561198041349990',7225,'49349','2013-07-15 13:45:06'),
	(879,'76561198043196429',7461,'49349','2013-07-14 15:45:47'),
	(880,'76561198060653685',7488,'49349','2013-07-14 15:45:47'),
	(881,'76561198040268041',2128,'49351','2013-07-14 15:45:47'),
	(882,'76561198046780305',2128,'49351','2013-07-14 15:45:47'),
	(883,'76561198041349990',2195,'49351','2013-07-14 15:45:47'),
	(884,'76561198042995537',2195,'49351','2013-07-14 15:45:47'),
	(885,'76561198043770492',2221,'49351','2013-07-14 15:45:47'),
	(886,'76561198045034733',2221,'49351','2013-07-14 15:45:47'),
	(887,'76561198001523094',2263,'49351','2013-07-14 15:45:47'),
	(888,'76561198026851335',2295,'49351','2013-07-14 15:45:47'),
	(889,'76561197974616889',2315,'49351','2013-07-14 15:45:47'),
	(890,'76561197981001131',2321,'49351','2013-07-14 15:45:47'),
	(891,'76561198036819551',2321,'49351','2013-07-14 15:45:47'),
	(892,'76561198039230536',2321,'49351','2013-07-14 15:45:47'),
	(893,'76561198015678746',2323,'49351','2013-07-14 15:45:47'),
	(894,'76561198041878103',2366,'49351','2013-07-14 15:45:47'),
	(895,'76561198048179892',2366,'49351','2013-07-14 15:45:47'),
	(896,'76561198049848090',2386,'49351','2013-07-14 15:45:47'),
	(897,'76561198011570397',2398,'49351','2013-07-14 15:45:47'),
	(898,'76561198029622986',2411,'49351','2013-07-14 15:45:47'),
	(899,'76561197970166754',2421,'49351','2013-07-14 15:45:47'),
	(900,'76561197976086060',2421,'49351','2013-07-14 15:45:47'),
	(901,'76561198042995537',1378,'52757','2013-07-14 15:45:47'),
	(902,'76561198045034733',1378,'52757','2013-07-14 15:45:47'),
	(903,'76561197989089300',1391,'52757','2013-07-14 15:45:47'),
	(904,'76561198007577949',1391,'52757','2013-07-14 15:45:47'),
	(905,'76561198041349990',1413,'52757','2013-07-14 15:45:47'),
	(906,'76561198043770492',1413,'52757','2013-07-14 15:45:47'),
	(907,'76561198039230536',1513,'52757','2013-07-14 15:45:47'),
	(908,'76561198001523094',1535,'52757','2013-07-14 15:45:47'),
	(909,'76561198021734854',1538,'52757','2013-07-14 15:45:47'),
	(910,'76561198026991036',1603,'52757','2013-07-14 15:45:47'),
	(911,'76561198048179892',1603,'52757','2013-07-14 15:45:47'),
	(912,'76561198005253093',1686,'52757','2013-07-14 15:45:47'),
	(913,'76561198036819551',1695,'52757','2013-07-14 15:45:47'),
	(914,'76561198025394852',1896,'52757','2013-07-14 15:45:47'),
	(915,'76561198055489864',1896,'52757','2013-07-14 15:45:47'),
	(916,'76561198026851335',1913,'52757','2013-07-14 15:45:47'),
	(917,'76561198036324314',1973,'52757','2013-07-14 15:45:47'),
	(918,'76561198022496581',2033,'52757','2013-07-14 15:45:47'),
	(919,'76561198040268041',2133,'52757','2013-07-14 15:45:47'),
	(920,'76561198046780305',2133,'52757','2013-07-14 15:45:47'),
	(921,'76561198040268041',1348,'52759','2013-07-14 15:45:47'),
	(922,'76561198046780305',1348,'52759','2013-07-14 15:45:47'),
	(923,'76561198042995537',3113,'52759','2013-07-14 15:45:47'),
	(924,'76561198043770492',3113,'52759','2013-07-14 15:45:47'),
	(925,'76561198003513323',3389,'52759','2013-07-14 15:45:47'),
	(926,'76561198045034733',3389,'52759','2013-07-14 15:45:47'),
	(927,'76561198004871206',3433,'52759','2013-07-14 15:45:47'),
	(928,'76561198026851335',3528,'52759','2013-07-14 15:45:47'),
	(929,'76561198048636382',3768,'52759','2013-07-14 15:45:47'),
	(930,'76561198005253093',3773,'52759','2013-07-14 15:45:47'),
	(931,'76561198036324314',3981,'52759','2013-07-14 15:45:47'),
	(932,'76561198039230536',3981,'52759','2013-07-14 15:45:47'),
	(933,'76561197974616889',4258,'52759','2013-07-14 15:45:47'),
	(934,'76561198041349990',4258,'52759','2013-07-14 15:45:47'),
	(935,'76561198021734854',4318,'52759','2013-07-14 15:45:47'),
	(936,'76561198029304443',4318,'52759','2013-07-14 15:45:47'),
	(937,'76561197970166754',4475,'52759','2013-07-14 15:45:47'),
	(938,'76561197976086060',4475,'52759','2013-07-14 15:45:47'),
	(939,'76561198047249937',4550,'52759','2013-07-14 15:45:47'),
	(940,'76561198048781353',4550,'52759','2013-07-14 15:45:47'),
	(941,'76561197965946552',608,'48287','2013-07-14 15:45:47'),
	(942,'76561198047126373',608,'48287','2013-07-14 15:45:47'),
	(943,'76561198040268041',2455,'48287','2013-07-14 15:45:47'),
	(944,'76561198046780305',2455,'48287','2013-07-14 15:45:47'),
	(945,'76561198039230536',3700,'48287','2013-07-14 15:45:47'),
	(946,'76561198045034733',3700,'48287','2013-07-14 15:45:47'),
	(947,'76561198041349990',3753,'48287','2013-07-14 15:45:47'),
	(948,'76561198042995537',3753,'48287','2013-07-14 15:45:47'),
	(949,'76561198015678746',3813,'48287','2013-07-14 15:45:47'),
	(950,'76561197970166754',3906,'48287','2013-07-14 15:45:47'),
	(951,'76561197976086060',3906,'48287','2013-07-14 15:45:47'),
	(952,'76561198005253093',4026,'48287','2013-07-14 15:45:47'),
	(953,'76561198043770492',4026,'48287','2013-07-14 15:45:47'),
	(954,'76561198049848090',4371,'48287','2013-07-14 15:45:47'),
	(955,'76561198048060838',5065,'48287','2013-07-14 15:45:47'),
	(956,'76561198048636382',5066,'48287','2013-07-14 15:45:47'),
	(957,'76561198036324314',5455,'48287','2013-07-14 15:45:47'),
	(958,'76561198025422567',5741,'48287','2013-07-14 15:45:47'),
	(959,'76561198025192733',5823,'48287','2013-07-14 15:45:47'),
	(960,'76561198043899549',5981,'48287','2013-07-14 15:45:47'),
	(961,'76561197980522591',3451,'47841','2013-07-14 15:45:47'),
	(962,'76561198047900528',3451,'47841','2013-07-14 15:45:47'),
	(963,'76561197980522591',2540,'52691','2013-07-14 15:45:47'),
	(964,'76561198047900528',2540,'52691','2013-07-14 15:45:47'),
	(965,'76561198048179892',2548,'52777','2013-07-14 15:45:47'),
	(966,'76561198057501496',2371,'49351','2013-07-14 15:45:47'),
	(967,'76561198036819551',5063,'52660','2013-07-14 22:31:24'),
	(968,'76561197980522591',1963,'47829','2013-07-15 13:45:05'),
	(969,'76561198047900528',1963,'47829','2013-07-15 13:45:05'),
	(970,'76561198047126373',520,'47458','2013-07-16 15:08:57'),
	(971,'76561197991840955',540,'47458','2013-07-16 15:08:57'),
	(972,'76561198046780305',833,'47458','2013-07-16 15:08:57'),
	(973,'76561197984513422',951,'47458','2013-07-16 15:08:57'),
	(974,'76561197997395396',1180,'47458','2013-07-16 15:08:57'),
	(975,'76561197984139721',2156,'47458','2013-07-16 15:08:57'),
	(976,'76561198025901072',2253,'47458','2013-07-16 15:08:57'),
	(977,'76561198025114426',2470,'47458','2013-07-16 15:08:57'),
	(978,'76561198029622986',2488,'47458','2013-07-16 15:08:57'),
	(979,'76561198040935346',2548,'47458','2013-07-16 15:08:57'),
	(980,'76561198043899549',2563,'47458','2013-07-16 15:08:57'),
	(981,'76561198039230536',2575,'47458','2013-07-16 15:08:57'),
	(982,'76561198015678746',2608,'47458','2013-07-16 15:08:57'),
	(983,'76561198023873410',2610,'47458','2013-07-16 15:08:57'),
	(984,'76561198042995537',2616,'47458','2013-07-16 15:08:57'),
	(985,'76561198011570397',2626,'47458','2013-07-16 15:08:57'),
	(986,'76561198048179892',2630,'47458','2013-07-16 15:08:57'),
	(987,'76561198028323859',2633,'47458','2013-07-16 15:08:57'),
	(988,'76561198015995629',2636,'47458','2013-07-16 15:08:57'),
	(989,'76561198030312350',2641,'47458','2013-07-16 15:08:57'),
	(990,'76561197984513422',631,'47455','2013-07-16 15:08:57'),
	(991,'76561198046780305',636,'47455','2013-07-16 15:08:57'),
	(992,'76561198025858897',1609,'47455','2013-07-16 15:08:57'),
	(993,'76561198043899549',2375,'47455','2013-07-16 15:08:57'),
	(994,'76561198029622986',2380,'47455','2013-07-16 15:08:57'),
	(995,'76561198018540237',2388,'47455','2013-07-16 15:08:57'),
	(996,'76561198042476392',2393,'47455','2013-07-16 15:08:57'),
	(997,'76561198042995537',2395,'47455','2013-07-16 15:08:57'),
	(998,'76561198039230536',2403,'47455','2013-07-16 15:08:57'),
	(999,'76561198001523094',2410,'47455','2013-07-16 15:08:57'),
	(1000,'76561198048252922',2411,'47455','2013-07-16 15:08:57'),
	(1001,'76561198012912965',2413,'47455','2013-07-16 15:08:57'),
	(1002,'76561198028323859',2428,'47455','2013-07-16 15:08:57'),
	(1003,'76561198041349990',2430,'47455','2013-07-16 15:08:57'),
	(1004,'76561198055489864',2443,'47455','2013-07-16 15:08:57'),
	(1005,'76561197981001131',2458,'47455','2013-07-16 15:08:57'),
	(1006,'76561198011570397',2465,'47455','2013-07-16 15:08:57'),
	(1007,'76561198042371947',2473,'47455','2013-07-16 15:08:57'),
	(1008,'76561198026851335',2478,'47455','2013-07-16 15:08:57'),
	(1009,'76561198043770492',2480,'47455','2013-07-16 15:08:57'),
	(1010,'76561197984513422',436,'47452','2013-07-16 15:08:57'),
	(1011,'76561198046780305',475,'47452','2013-07-16 15:08:57'),
	(1012,'76561197999028024',1320,'47452','2013-07-16 15:08:57'),
	(1013,'76561198043899549',1340,'47452','2013-07-16 15:08:57'),
	(1014,'76561198048179892',1345,'47452','2013-07-16 15:08:57'),
	(1015,'76561198029622986',1360,'47452','2013-07-16 15:08:57'),
	(1016,'76561197972242646',1371,'47452','2013-07-16 15:08:57'),
	(1017,'76561198039230536',1375,'47452','2013-07-16 15:08:57'),
	(1018,'76561198042995537',1385,'47452','2013-07-16 15:08:57'),
	(1019,'76561198028323859',1388,'47452','2013-07-16 15:08:57'),
	(1020,'76561198043770492',1391,'47452','2013-07-16 15:08:57'),
	(1021,'76561198001523094',1400,'47452','2013-07-16 15:08:57'),
	(1022,'76561198041349990',1400,'47452','2013-07-16 15:08:57'),
	(1023,'76561198081165607',1401,'47452','2013-07-16 15:08:57'),
	(1024,'76561198043196429',1395,'47452','2013-07-22 13:20:31'),
	(1025,'76561198015995629',1415,'47452','2013-07-16 15:08:57'),
	(1026,'76561198012912965',1416,'47452','2013-07-16 15:08:57'),
	(1027,'76561198030312350',1418,'47452','2013-07-16 15:08:57'),
	(1028,'76561198000992420',1420,'47452','2013-07-16 15:08:57'),
	(1029,'76561197981001131',1421,'47452','2013-07-16 15:08:57'),
	(1030,'76561198005208336',266,'47106','2013-07-16 15:08:57'),
	(1031,'76561197984513422',453,'47106','2013-07-16 15:08:57'),
	(1032,'76561198046780305',585,'47106','2013-07-16 15:08:57'),
	(1033,'76561198029622986',2198,'47106','2013-07-16 15:08:57'),
	(1034,'76561198043899549',2215,'47106','2013-07-16 15:08:57'),
	(1035,'76561198042995537',2261,'47106','2013-07-16 15:14:44'),
	(1036,'76561198048179892',2285,'47106','2013-07-16 15:08:57'),
	(1037,'76561198015995629',2353,'47106','2013-07-16 15:08:57'),
	(1038,'76561198018540237',2413,'47106','2013-07-16 15:08:57'),
	(1039,'76561198048252922',2420,'47106','2013-07-16 15:08:57'),
	(1040,'76561198042371947',2436,'47106','2013-07-16 15:08:57'),
	(1041,'76561198036819551',2440,'47106','2013-07-16 15:08:57'),
	(1042,'76561198055489864',2466,'47106','2013-07-16 15:08:57'),
	(1043,'76561198021587175',2470,'47106','2013-07-16 15:08:57'),
	(1044,'76561198028323859',2478,'47106','2013-07-16 15:08:57'),
	(1045,'76561198026851335',2488,'47106','2013-07-16 15:08:57'),
	(1046,'76561198060032141',2495,'47106','2013-07-16 15:08:57'),
	(1047,'76561198081165607',2498,'47106','2013-07-16 15:08:57'),
	(1048,'76561198041878103',2516,'47106','2013-07-16 15:08:57'),
	(1049,'76561198049848090',2516,'47106','2013-07-16 15:08:57'),
	(1050,'76561198047126373',5,'47735','2013-07-16 15:08:57'),
	(1051,'76561198046780305',2403,'47735','2013-07-16 15:08:57'),
	(1052,'76561197984513422',3050,'47735','2013-07-16 15:08:57'),
	(1053,'76561198008662184',4343,'47735','2013-07-16 15:08:57'),
	(1054,'76561198015995629',4355,'47735','2013-07-16 15:08:57'),
	(1055,'76561198057072625',4510,'47735','2013-07-17 09:10:59'),
	(1056,'76561198026851335',4570,'47735','2013-07-16 15:08:58'),
	(1057,'76561198003513323',4578,'47735','2013-07-16 15:08:58'),
	(1058,'76561197981001131',4603,'47735','2013-07-16 15:08:58'),
	(1059,'76561198023873410',4620,'47735','2013-07-16 15:08:58'),
	(1060,'76561198041998708',4651,'47735','2013-07-16 15:08:58'),
	(1061,'76561198039230536',4573,'47735','2013-07-16 16:58:40'),
	(1062,'76561197974616889',4690,'47735','2013-07-16 15:08:58'),
	(1063,'76561197984540129',4715,'47735','2013-07-16 15:08:58'),
	(1064,'76561198023117584',4725,'47735','2013-07-16 15:08:58'),
	(1065,'76561198048179892',4741,'47735','2013-07-16 15:08:58'),
	(1066,'76561198025901072',4743,'47735','2013-07-16 15:08:58'),
	(1067,'76561198015678746',4763,'47735','2013-07-16 15:08:58'),
	(1068,'76561198001523094',4775,'47735','2013-07-16 15:08:58'),
	(1069,'76561198042371947',4793,'47735','2013-07-16 15:08:58'),
	(1070,'76561197984513422',386,'47736','2013-07-16 15:08:58'),
	(1071,'76561198046780305',386,'47736','2013-07-16 15:08:58'),
	(1072,'76561197972008283',393,'47736','2013-07-16 15:08:58'),
	(1073,'76561197997395396',1091,'47736','2013-07-16 15:08:58'),
	(1074,'76561198043899549',1230,'47736','2013-07-16 15:08:58'),
	(1075,'76561198015995629',1251,'47736','2013-07-16 15:08:58'),
	(1076,'76561198029622986',1260,'47736','2013-07-16 15:08:58'),
	(1077,'76561198028323859',1270,'47736','2013-07-16 15:08:58'),
	(1078,'76561198048179892',1278,'47736','2013-07-16 15:08:58'),
	(1079,'76561198041878103',1293,'47736','2013-07-16 15:08:58'),
	(1080,'76561198001523094',1295,'47736','2013-07-16 15:08:58'),
	(1081,'76561197981001131',1301,'47736','2013-07-16 15:08:58'),
	(1082,'76561198043770492',1301,'47736','2013-07-16 15:08:58'),
	(1083,'76561198039230536',1306,'47736','2013-07-16 15:08:58'),
	(1084,'76561198015678746',1311,'47736','2013-07-16 15:08:58'),
	(1085,'76561198048252922',1311,'47736','2013-07-16 15:08:58'),
	(1086,'76561198043196429',1313,'47736','2013-07-16 15:08:58'),
	(1087,'76561198026851335',1326,'47736','2013-07-16 15:08:58'),
	(1088,'76561198023873410',1330,'47736','2013-07-16 15:08:58'),
	(1089,'76561198003513323',1331,'47736','2013-07-16 15:08:58'),
	(1090,'76561198046780305',408,'47738','2013-07-16 15:08:58'),
	(1091,'76561197984513422',645,'47738','2013-07-16 15:08:58'),
	(1092,'76561198042995537',1218,'47738','2013-07-16 15:08:58'),
	(1093,'76561198029622986',1225,'47738','2013-07-16 15:08:58'),
	(1094,'76561198012912965',1228,'47738','2013-07-16 15:08:58'),
	(1095,'76561198048179892',1236,'47738','2013-07-16 15:08:58'),
	(1096,'76561198025901072',1240,'47738','2013-07-16 15:08:58'),
	(1097,'76561198043899549',1243,'47738','2013-07-16 15:08:58'),
	(1098,'76561197974616889',1250,'47738','2013-07-16 15:08:58'),
	(1099,'76561198043770492',1251,'47738','2013-07-16 15:08:58'),
	(1100,'76561198028323859',1260,'47738','2013-07-16 15:08:58'),
	(1101,'76561198001523094',1261,'47738','2013-07-16 15:08:58'),
	(1102,'76561198039230536',1261,'47738','2013-07-16 15:08:58'),
	(1103,'76561198036819551',1265,'47738','2013-07-16 15:08:58'),
	(1104,'76561198015678746',1268,'47738','2013-07-16 15:08:58'),
	(1105,'76561197981001131',1271,'47738','2013-07-16 15:08:58'),
	(1106,'76561198043196429',1278,'47738','2013-07-16 15:08:58'),
	(1107,'76561198048252922',1278,'47738','2013-07-16 15:08:58'),
	(1108,'76561198003513323',1283,'47738','2013-07-16 15:08:58'),
	(1109,'76561198015995629',1285,'47738','2013-07-16 15:08:58'),
	(1110,'76561198046780305',255,'47742','2013-07-16 15:08:58'),
	(1111,'76561197984513422',591,'47742','2013-07-16 15:08:58'),
	(1112,'76561198042995537',2240,'47742','2013-07-16 15:08:58'),
	(1113,'76561198043899549',2243,'47742','2013-07-16 15:08:58'),
	(1114,'76561198003513323',2256,'47742','2013-07-16 15:08:58'),
	(1115,'76561198029622986',2288,'47742','2013-07-16 15:08:58'),
	(1116,'76561198041349990',2303,'47742','2013-07-16 15:08:58'),
	(1117,'76561198015995629',2311,'47742','2013-07-16 15:08:58'),
	(1118,'76561197981001131',2361,'47742','2013-07-16 15:08:58'),
	(1119,'76561198001523094',2383,'47742','2013-07-16 15:08:58'),
	(1120,'76561198039230536',2401,'47742','2013-07-16 15:08:58'),
	(1121,'76561198048179892',2408,'47742','2013-07-16 15:08:58'),
	(1122,'76561198048252922',2460,'47742','2013-07-16 15:08:58'),
	(1123,'76561198041107150',2486,'47742','2013-07-16 15:08:58'),
	(1124,'76561198028323859',2495,'47742','2013-07-16 15:08:58'),
	(1125,'76561198026851335',2600,'47742','2013-07-16 15:08:58'),
	(1126,'76561198049848090',2600,'47742','2013-07-16 15:08:58'),
	(1127,'76561198081165607',2611,'47742','2013-07-16 15:08:58'),
	(1128,'76561198021587175',2616,'47742','2013-07-16 15:08:58'),
	(1129,'76561198023873410',2618,'47742','2013-07-16 15:08:58'),
	(1130,'76561197984252526',0,'47744','2013-07-16 15:08:58'),
	(1131,'76561198046780305',243,'47744','2013-07-16 15:08:58'),
	(1132,'76561197984513422',683,'47744','2013-07-16 15:08:58'),
	(1133,'76561198048179892',3040,'47744','2013-07-16 15:08:58'),
	(1134,'76561198043899549',3055,'47744','2013-07-16 15:08:58'),
	(1135,'76561198048252922',3166,'47744','2013-07-16 15:08:58'),
	(1136,'76561198043770492',3168,'47744','2013-07-16 15:08:58'),
	(1137,'76561198041349990',3178,'47744','2013-07-16 15:08:58'),
	(1138,'76561198043196429',3203,'47744','2013-07-16 15:08:58'),
	(1139,'76561198036324314',3266,'47744','2013-07-16 15:08:58'),
	(1140,'76561198036819551',3280,'47744','2013-07-16 15:08:58'),
	(1141,'76561198048636382',3298,'47744','2013-07-16 15:08:58'),
	(1142,'76561198055489864',3298,'47744','2013-07-16 15:08:58'),
	(1143,'76561198060653685',3333,'47744','2013-07-16 15:08:58'),
	(1144,'76561198033855176',3345,'47744','2013-07-16 15:08:58'),
	(1145,'76561198061296472',3426,'47744','2013-07-16 15:08:58'),
	(1146,'76561198025394852',3436,'47744','2013-07-16 15:08:58'),
	(1147,'76561198040483651',3563,'47744','2013-07-16 15:08:58'),
	(1148,'76561198058087062',3563,'47744','2013-07-16 15:08:58'),
	(1149,'76561198069533158',3576,'47744','2013-07-16 15:08:58'),
	(1150,'76561198046780305',396,'47465','2013-07-16 15:08:58'),
	(1151,'76561197984513422',593,'47465','2013-07-16 15:08:58'),
	(1152,'76561197962813887',780,'47465','2013-07-16 15:08:58'),
	(1153,'76561198043899549',1766,'47465','2013-07-16 15:08:58'),
	(1154,'76561198029622986',1770,'47465','2013-07-16 15:08:58'),
	(1155,'76561198042995537',1770,'47465','2013-07-16 15:08:58'),
	(1156,'76561198012912965',1779,'47465','2013-07-16 15:08:58'),
	(1157,'76561198041349990',1785,'47465','2013-07-16 15:08:58'),
	(1158,'76561197981001131',1788,'47465','2013-07-16 15:08:58'),
	(1159,'76561198003513323',1791,'47465','2013-07-16 15:08:58'),
	(1160,'76561198048179892',1795,'47465','2013-07-16 15:08:58'),
	(1161,'76561198043770492',1800,'47465','2013-07-16 15:08:58'),
	(1162,'76561198028323859',1801,'47465','2013-07-16 15:08:58'),
	(1163,'76561198039230536',1804,'47465','2013-07-16 15:08:58'),
	(1164,'76561198045147442',1808,'47465','2013-07-16 15:08:58'),
	(1165,'76561198055489864',1820,'47465','2013-07-16 15:08:58'),
	(1166,'76561198015995629',1821,'47465','2013-07-16 15:08:58'),
	(1167,'76561198042476392',1825,'47465','2013-07-16 15:08:58'),
	(1168,'76561198045034733',1828,'47465','2013-07-16 15:08:58'),
	(1169,'76561198060032141',1833,'47465','2013-07-16 15:08:58'),
	(1170,'76561198046780305',336,'47746','2013-07-16 15:08:58'),
	(1171,'76561197984513422',566,'47746','2013-07-16 15:08:58'),
	(1172,'76561198043899549',1230,'47746','2013-07-16 15:08:58'),
	(1173,'76561198029622986',1236,'47746','2013-07-16 15:08:58'),
	(1174,'76561198028323859',1246,'47746','2013-07-16 15:08:58'),
	(1175,'76561198001523094',1253,'47746','2013-07-16 15:08:58'),
	(1176,'76561197981001131',1255,'47746','2013-07-16 15:08:58'),
	(1177,'76561198026851335',1263,'47746','2013-07-16 15:08:58'),
	(1178,'76561198042995537',1270,'47746','2013-07-16 15:08:58'),
	(1179,'76561198015995629',1275,'47746','2013-07-16 15:08:58'),
	(1180,'76561198043770492',1278,'47746','2013-07-16 15:08:58'),
	(1181,'76561198048179892',1283,'47746','2013-07-16 15:08:58'),
	(1182,'76561198012912965',1290,'47746','2013-07-16 15:08:58'),
	(1183,'76561198039230536',1291,'47746','2013-07-16 15:08:58'),
	(1184,'76561198036819551',1266,'47746','2013-07-18 16:50:45'),
	(1185,'76561198048252922',1298,'47746','2013-07-16 15:08:58'),
	(1186,'76561197974616889',1305,'47746','2013-07-16 15:08:58'),
	(1187,'76561198060032141',1305,'47746','2013-07-16 15:08:58'),
	(1188,'76561198041349990',1308,'47746','2013-07-16 15:08:58'),
	(1189,'76561198015678746',1316,'47746','2013-07-16 15:08:58'),
	(1190,'76561198046780305',670,'47748','2013-07-16 15:08:58'),
	(1191,'76561197984513422',760,'47748','2013-07-16 15:08:58'),
	(1192,'76561198043899549',4560,'47748','2013-07-16 15:08:58'),
	(1193,'76561198045034733',4625,'47748','2013-07-16 15:08:58'),
	(1194,'76561198060032141',4640,'47748','2013-07-16 15:08:58'),
	(1195,'76561198003513323',4701,'47748','2013-07-16 15:08:58'),
	(1196,'76561198026851335',5200,'47748','2013-07-16 15:08:58'),
	(1197,'76561198045147442',5260,'47748','2013-07-16 15:08:58'),
	(1198,'76561198047900528',5265,'47748','2013-07-16 15:08:58'),
	(1199,'76561198013190395',5361,'47748','2013-07-16 15:08:58'),
	(1200,'76561198039230536',5423,'47748','2013-07-16 15:08:58'),
	(1201,'76561198042371947',5473,'47748','2013-07-16 15:08:58'),
	(1202,'76561198055430640',5478,'47748','2013-07-16 15:08:58'),
	(1203,'76561198081165607',5485,'47748','2013-07-16 15:08:58'),
	(1204,'76561197968768198',5501,'47748','2013-07-16 15:08:58'),
	(1205,'76561198042048214',5533,'47748','2013-07-16 15:08:58'),
	(1206,'76561198027132682',5591,'47748','2013-07-16 15:08:58'),
	(1207,'76561198028141399',5676,'47748','2013-07-16 15:08:58'),
	(1208,'76561198055489864',5913,'47748','2013-07-16 15:08:58'),
	(1209,'76561198015995629',5995,'47748','2013-07-16 15:08:58'),
	(1210,'76561198022497845',569,'47751','2013-07-16 15:08:58'),
	(1211,'76561197984513422',628,'47751','2013-07-16 15:08:58'),
	(1212,'76561198046780305',1028,'47751','2013-07-16 15:08:58'),
	(1213,'76561198043899549',1935,'47751','2013-07-16 15:08:58'),
	(1214,'76561198029622986',1940,'47751','2013-07-16 15:08:58'),
	(1215,'76561198045147442',1998,'47751','2013-07-16 15:08:58'),
	(1216,'76561197981001131',2075,'47751','2013-07-16 15:08:58'),
	(1217,'76561198015995629',2088,'47751','2013-07-16 15:08:58'),
	(1218,'76561198041107150',2108,'47751','2013-07-16 15:08:58'),
	(1219,'76561198042371947',2118,'47751','2013-07-16 15:08:58'),
	(1220,'76561198026851335',2136,'47751','2013-07-16 15:08:58'),
	(1221,'76561198041937992',2136,'47751','2013-07-16 15:08:58'),
	(1222,'76561198047900528',2141,'47751','2013-07-16 15:08:58'),
	(1223,'76561198048179892',2153,'47751','2013-07-16 15:08:58'),
	(1224,'76561198043770492',2155,'47751','2013-07-16 15:08:58'),
	(1225,'76561198041349990',2163,'47751','2013-07-16 15:08:58'),
	(1226,'76561198039230536',2168,'47751','2013-07-16 15:08:58'),
	(1227,'76561198001523094',2190,'47751','2013-07-16 15:08:58'),
	(1228,'76561198060032141',2195,'47751','2013-07-16 15:08:58'),
	(1229,'76561198043196429',2198,'47751','2013-07-16 15:08:58'),
	(1230,'76561197984513422',488,'47752','2013-07-16 15:08:58'),
	(1231,'76561198046780305',666,'47752','2013-07-16 15:08:58'),
	(1232,'76561198043899549',2445,'47752','2013-07-16 15:08:58'),
	(1233,'76561198042995537',2480,'47752','2013-07-16 15:08:58'),
	(1234,'76561198015995629',2485,'47752','2013-07-16 15:08:58'),
	(1235,'76561198026851335',2506,'47752','2013-07-16 15:08:58'),
	(1236,'76561198048252922',2508,'47752','2013-07-16 15:08:58'),
	(1237,'76561198029622986',2523,'47752','2013-07-16 15:08:58'),
	(1238,'76561198039230536',2523,'47752','2013-07-16 15:08:58'),
	(1239,'76561198043196429',2556,'47752','2013-07-16 15:08:58'),
	(1240,'76561198042371947',2575,'47752','2013-07-16 15:08:58'),
	(1241,'76561198015678746',2580,'47752','2013-07-16 15:08:58'),
	(1242,'76561198048179892',2580,'47752','2013-07-16 15:08:58'),
	(1243,'76561198041349990',2626,'47752','2013-07-16 15:08:58'),
	(1244,'76561198043770492',2633,'47752','2013-07-16 15:08:58'),
	(1245,'76561198003513323',2646,'47752','2013-07-16 15:08:58'),
	(1246,'76561198060032141',2670,'47752','2013-07-16 15:08:58'),
	(1247,'76561198049848090',2695,'47752','2013-07-16 15:08:58'),
	(1248,'76561198047900528',2580,'47752','2013-07-22 13:20:31'),
	(1249,'76561197981001131',2716,'47752','2013-07-16 15:08:58'),
	(1250,'76561197999149381',203,'47755','2013-07-16 15:08:58'),
	(1251,'76561197984513422',761,'47755','2013-07-16 15:08:58'),
	(1252,'76561198046780305',841,'47755','2013-07-16 15:08:58'),
	(1253,'76561198043899549',1690,'47755','2013-07-16 15:08:58'),
	(1254,'76561198042995537',1725,'47755','2013-07-16 15:08:58'),
	(1255,'76561198029622986',1730,'47755','2013-07-16 15:08:58'),
	(1256,'76561198000992420',1778,'47755','2013-07-16 15:08:58'),
	(1257,'76561198015995629',1780,'47755','2013-07-16 15:08:58'),
	(1258,'76561198048179892',1788,'47755','2013-07-16 15:08:58'),
	(1259,'76561198012912965',1803,'47755','2013-07-16 15:08:58'),
	(1260,'76561197981001131',1806,'47755','2013-07-16 15:08:58'),
	(1261,'76561198041349990',1808,'47755','2013-07-16 15:08:58'),
	(1262,'76561198060032141',1801,'47755','2013-07-22 13:20:31'),
	(1263,'76561198039230536',1771,'47755','2013-07-22 13:20:31'),
	(1264,'76561198043770492',1861,'47755','2013-07-16 15:08:58'),
	(1265,'76561198045147442',1878,'47755','2013-07-17 09:11:00'),
	(1266,'76561198067016561',1893,'47755','2013-07-16 15:08:58'),
	(1267,'76561198003513323',1906,'47755','2013-07-16 15:08:58'),
	(1268,'76561198048636382',1940,'47755','2013-07-16 15:08:58'),
	(1269,'76561198026851335',1943,'47755','2013-07-16 15:08:58'),
	(1270,'76561198046780305',730,'47756','2013-07-16 15:08:58'),
	(1271,'76561197984513422',1116,'47756','2013-07-16 15:08:58'),
	(1272,'76561198043899549',1816,'47756','2013-07-16 15:08:58'),
	(1273,'76561198015995629',1844,'47756','2013-07-16 15:08:58'),
	(1274,'76561197974616889',1865,'47756','2013-07-16 15:08:58'),
	(1275,'76561198042995537',1879,'47756','2013-07-16 15:08:58'),
	(1276,'76561198001523094',1915,'47756','2013-07-16 15:08:58'),
	(1277,'76561198029622986',1916,'47756','2013-07-16 15:08:58'),
	(1278,'76561197981001131',1921,'47756','2013-07-16 15:08:58'),
	(1279,'76561198060032141',1948,'47756','2013-07-16 15:08:58'),
	(1280,'76561198026851335',1958,'47756','2013-07-16 15:08:58'),
	(1281,'76561198048179892',1985,'47756','2013-07-16 15:08:58'),
	(1282,'76561198043196429',2011,'47756','2013-07-16 15:08:58'),
	(1283,'76561198069533158',2013,'47756','2013-07-16 15:08:58'),
	(1284,'76561198039230536',2019,'47756','2013-07-16 15:08:58'),
	(1285,'76561198048252922',2061,'47756','2013-07-16 15:08:58'),
	(1286,'76561198012912965',2066,'47756','2013-07-16 15:08:58'),
	(1287,'76561198003513323',2070,'47756','2013-07-16 15:08:58'),
	(1288,'76561198036819551',2076,'47756','2013-07-16 15:08:58'),
	(1289,'76561198041349990',2080,'47756','2013-07-16 15:08:58'),
	(1290,'76561198034123030',85,'47759','2013-07-16 15:08:58'),
	(1291,'76561197984513422',406,'47759','2013-07-16 15:08:58'),
	(1292,'76561198046780305',626,'47759','2013-07-16 15:08:58'),
	(1293,'76561198029622986',2056,'47759','2013-07-16 15:08:58'),
	(1294,'76561198042995537',2061,'47759','2013-07-16 15:08:58'),
	(1295,'76561198043899549',2063,'47759','2013-07-16 15:08:58'),
	(1296,'76561198018540237',2090,'47759','2013-07-16 15:08:58'),
	(1297,'76561198026851335',2091,'47759','2013-07-16 15:08:58'),
	(1298,'76561198048179892',2093,'47759','2013-07-16 15:08:58'),
	(1299,'76561197974616889',2095,'47759','2013-07-16 15:08:58'),
	(1300,'76561198049848090',2098,'47759','2013-07-16 15:08:58'),
	(1301,'76561198015995629',2106,'47759','2013-07-16 15:08:58'),
	(1302,'76561198039230536',2095,'47759','2013-07-22 13:20:31'),
	(1303,'76561198015678746',2110,'47759','2013-07-16 15:08:58'),
	(1304,'76561197981001131',2115,'47759','2013-07-16 15:08:58'),
	(1305,'76561198048252922',2116,'47759','2013-07-16 15:08:58'),
	(1306,'76561198001523094',2118,'47759','2013-07-16 15:08:58'),
	(1307,'76561198042741599',2128,'47759','2013-07-16 15:08:58'),
	(1308,'76561198043770492',2130,'47759','2013-07-16 15:08:58'),
	(1309,'76561198041878103',2133,'47759','2013-07-16 15:08:58'),
	(1310,'76561197984513422',843,'47760','2013-07-16 15:08:58'),
	(1311,'76561198046780305',934,'47760','2013-07-16 15:08:58'),
	(1312,'76561198043899549',1613,'47760','2013-07-16 15:08:58'),
	(1313,'76561198045034733',1608,'47760','2013-07-22 13:20:31'),
	(1314,'76561198029622986',1646,'47760','2013-07-16 15:08:58'),
	(1315,'76561198041349990',1673,'47760','2013-07-16 15:08:58'),
	(1316,'76561198015995629',1681,'47760','2013-07-16 15:08:58'),
	(1317,'76561198042995537',1681,'47760','2013-07-16 15:08:58'),
	(1318,'76561197979942986',1706,'47760','2013-07-16 15:08:58'),
	(1319,'76561198001523094',1706,'47760','2013-07-16 15:08:58'),
	(1320,'76561198026851335',1719,'47760','2013-07-16 15:08:58'),
	(1321,'76561198048179892',1726,'47760','2013-07-16 15:08:58'),
	(1322,'76561198043196429',1733,'47760','2013-07-16 15:08:58'),
	(1323,'76561198028323859',1746,'47760','2013-07-16 15:08:58'),
	(1324,'76561198043770492',1765,'47760','2013-07-16 15:08:58'),
	(1325,'76561198039230536',1768,'47760','2013-07-16 15:08:58'),
	(1326,'76561198048636382',1783,'47760','2013-07-16 15:08:58'),
	(1327,'76561198048252922',1791,'47760','2013-07-16 15:08:58'),
	(1328,'76561198049848090',1796,'47760','2013-07-16 15:08:58'),
	(1329,'76561198081165607',1800,'47760','2013-07-16 15:08:58'),
	(1330,'76561197984513422',493,'47763','2013-07-16 15:08:58'),
	(1331,'76561198046780305',508,'47763','2013-07-16 15:08:58'),
	(1332,'76561198043899549',2258,'47763','2013-07-16 15:08:58'),
	(1333,'76561198015995629',2348,'47763','2013-07-16 15:08:58'),
	(1334,'76561198026851335',2373,'47763','2013-07-16 15:08:58'),
	(1335,'76561198039230536',2375,'47763','2013-07-16 15:08:58'),
	(1336,'76561198041349990',2385,'47763','2013-07-16 15:08:58'),
	(1337,'76561198043196429',2410,'47763','2013-07-16 15:08:58'),
	(1338,'76561198042371947',2415,'47763','2013-07-16 15:08:58'),
	(1339,'76561198029622986',2433,'47763','2013-07-16 15:08:58'),
	(1340,'76561198043770492',2436,'47763','2013-07-16 15:08:58'),
	(1341,'76561198048252922',2438,'47763','2013-07-16 15:08:58'),
	(1342,'76561198001523094',2456,'47763','2013-07-16 15:08:58'),
	(1343,'76561198041878103',2483,'47763','2013-07-16 15:08:58'),
	(1344,'76561198018540237',2493,'47763','2013-07-16 15:08:58'),
	(1345,'76561198015678746',2528,'47763','2013-07-16 15:08:58'),
	(1346,'76561198060032141',2560,'47763','2013-07-16 15:08:58'),
	(1347,'76561198040483651',2581,'47763','2013-07-16 15:08:58'),
	(1348,'76561198033855176',2583,'47763','2013-07-16 15:08:58'),
	(1349,'76561198036324314',2588,'47763','2013-07-16 15:08:58'),
	(1350,'76561197984513422',460,'47764','2013-07-16 15:08:58'),
	(1351,'76561198046780305',1018,'47764','2013-07-16 15:08:58'),
	(1352,'76561198043899549',1563,'47764','2013-07-16 15:08:58'),
	(1353,'76561198042995537',1575,'47764','2013-07-16 15:08:58'),
	(1354,'76561198029622986',1633,'47764','2013-07-16 15:08:58'),
	(1355,'76561198001523094',1644,'47764','2013-07-16 15:08:58'),
	(1356,'76561197981001131',1651,'47764','2013-07-16 15:08:58'),
	(1357,'76561198042371947',1676,'47764','2013-07-16 15:08:58'),
	(1358,'76561198008662184',1693,'47764','2013-07-16 15:08:58'),
	(1359,'76561198048179892',1696,'47764','2013-07-16 15:08:58'),
	(1360,'76561198048252922',1703,'47764','2013-07-16 15:08:58'),
	(1361,'76561198041519492',1711,'47764','2013-07-16 15:08:58'),
	(1362,'76561198036819551',1729,'47764','2013-07-16 15:08:58'),
	(1363,'76561198026851335',1733,'47764','2013-07-16 15:08:58'),
	(1364,'76561198081165607',1745,'47764','2013-07-16 15:08:58'),
	(1365,'76561198015678746',1748,'47764','2013-07-16 15:08:58'),
	(1366,'76561198039230536',1716,'47764','2013-07-17 09:11:00'),
	(1367,'76561198015995629',1754,'47764','2013-07-16 15:08:58'),
	(1368,'76561198030312350',1758,'47764','2013-07-16 15:08:58'),
	(1369,'76561197979942986',1760,'47764','2013-07-16 15:08:58'),
	(1370,'76561197984513422',468,'47766','2013-07-16 15:08:58'),
	(1371,'76561198046780305',1360,'47766','2013-07-16 15:08:58'),
	(1372,'76561197997395396',3671,'47766','2013-07-16 15:08:58'),
	(1373,'76561198043899549',4051,'47766','2013-07-16 15:08:58'),
	(1374,'76561198029622986',4086,'47766','2013-07-16 15:08:58'),
	(1375,'76561198015995629',4145,'47766','2013-07-16 15:08:58'),
	(1376,'76561198042995537',4165,'47766','2013-07-16 15:08:58'),
	(1377,'76561198039230536',4208,'47766','2013-07-16 15:08:58'),
	(1378,'76561197974616889',4221,'47766','2013-07-16 15:08:58'),
	(1379,'76561198026851335',4233,'47766','2013-07-16 15:08:58'),
	(1380,'76561198041349990',4243,'47766','2013-07-16 15:08:58'),
	(1381,'76561197981001131',4250,'47766','2013-07-16 15:08:58'),
	(1382,'76561197984540129',4290,'47766','2013-07-16 15:08:58'),
	(1383,'76561198042476392',4341,'47766','2013-07-16 15:08:58'),
	(1384,'76561198043196429',4376,'47766','2013-07-16 15:08:58'),
	(1385,'76561198048179892',4383,'47766','2013-07-16 15:08:58'),
	(1386,'76561198060032141',4418,'47766','2013-07-16 15:08:58'),
	(1387,'76561198001523094',4471,'47766','2013-07-16 15:08:58'),
	(1388,'76561198030312350',4476,'47766','2013-07-16 15:08:58'),
	(1389,'76561198036819551',4501,'47766','2013-07-16 15:08:58'),
	(1390,'76561197984513422',479,'47768','2013-07-16 15:08:58'),
	(1391,'76561198046780305',613,'47768','2013-07-16 15:08:58'),
	(1392,'76561198043899549',2250,'47768','2013-07-16 15:08:58'),
	(1393,'76561198042995537',2285,'47768','2013-07-16 15:08:58'),
	(1394,'76561198029622986',2456,'47768','2013-07-16 15:08:58'),
	(1395,'76561198015995629',2470,'47768','2013-07-16 15:08:58'),
	(1396,'76561197981001131',2531,'47768','2013-07-16 15:08:58'),
	(1397,'76561198060032141',2610,'47768','2013-07-16 15:08:58'),
	(1398,'76561198001523094',2701,'47768','2013-07-16 15:08:58'),
	(1399,'76561198048252922',2710,'47768','2013-07-16 15:08:58'),
	(1400,'76561198043770492',2731,'47768','2013-07-16 15:08:58'),
	(1401,'76561198039230536',2766,'47768','2013-07-16 15:08:58'),
	(1402,'76561198042371947',2768,'47768','2013-07-16 15:08:58'),
	(1403,'76561198026851335',2786,'47768','2013-07-16 15:08:58'),
	(1404,'76561198055489864',2793,'47768','2013-07-16 15:08:58'),
	(1405,'76561198048179892',2806,'47768','2013-07-16 15:08:58'),
	(1406,'76561198021587175',2825,'47768','2013-07-16 15:08:58'),
	(1407,'76561198041349990',2848,'47768','2013-07-16 15:08:58'),
	(1408,'76561198041878103',2861,'47768','2013-07-16 15:08:58'),
	(1409,'76561198041937992',2861,'47768','2013-07-16 15:08:58'),
	(1410,'76561197984513422',370,'47770','2013-07-16 15:08:58'),
	(1411,'76561198046780305',675,'47770','2013-07-16 15:08:58'),
	(1412,'76561198029622986',1083,'47770','2013-07-16 15:08:58'),
	(1413,'76561198067016561',1083,'47770','2013-07-16 15:08:58'),
	(1414,'76561198015995629',1095,'47770','2013-07-16 15:08:58'),
	(1415,'76561198039230536',1103,'47770','2013-07-16 15:08:58'),
	(1416,'76561198012912965',1105,'47770','2013-07-16 15:08:58'),
	(1417,'76561197984139721',1108,'47770','2013-07-16 15:08:58'),
	(1418,'76561198042995537',1116,'47770','2013-07-16 15:08:58'),
	(1419,'76561198036819551',1121,'47770','2013-07-16 15:08:58'),
	(1420,'76561198001523094',1126,'47770','2013-07-16 15:08:58'),
	(1421,'76561198043770492',1128,'47770','2013-07-16 15:08:58'),
	(1422,'76561197981001131',1150,'47770','2013-07-16 15:08:58'),
	(1423,'76561198026851335',1151,'47770','2013-07-16 15:08:58'),
	(1424,'76561198028323859',1161,'47770','2013-07-16 15:08:58'),
	(1425,'76561198041519492',1180,'47770','2013-07-16 15:08:58'),
	(1426,'76561198015678746',1191,'47770','2013-07-16 15:08:58'),
	(1427,'76561198045034733',1198,'47770','2013-07-16 15:08:58'),
	(1428,'76561198043899549',1203,'47770','2013-07-16 15:08:58'),
	(1429,'76561198041878103',1215,'47770','2013-07-16 15:08:58'),
	(1430,'76561197984513422',1763,'47773','2013-07-16 15:08:58'),
	(1431,'76561198046780305',2073,'47773','2013-07-16 15:08:58'),
	(1432,'76561198042995537',4190,'47773','2013-07-16 15:08:58'),
	(1433,'76561198029622986',4215,'47773','2013-07-16 15:08:58'),
	(1434,'76561198043899549',4216,'47773','2013-07-16 15:08:58'),
	(1435,'76561198060032141',4313,'47773','2013-07-16 15:08:58'),
	(1436,'76561198030312350',4333,'47773','2013-07-16 15:08:58'),
	(1437,'76561198028323859',4358,'47773','2013-07-16 15:08:58'),
	(1438,'76561198048179892',4291,'47773','2013-07-22 13:20:31'),
	(1439,'76561198001523094',4415,'47773','2013-07-16 15:08:58'),
	(1440,'76561198041349990',4435,'47773','2013-07-16 15:08:58'),
	(1441,'76561198041107150',4436,'47773','2013-07-16 15:08:58'),
	(1442,'76561198026851335',4448,'47773','2013-07-16 15:08:58'),
	(1443,'76561198048252922',4448,'47773','2013-07-16 15:08:58'),
	(1444,'76561198042371947',4453,'47773','2013-07-16 15:08:58'),
	(1445,'76561198045147442',4456,'47773','2013-07-16 15:08:58'),
	(1446,'76561198039230536',4405,'47773','2013-07-17 09:11:00'),
	(1447,'76561198024088293',4465,'47773','2013-07-16 15:08:58'),
	(1448,'76561198015995629',4513,'47773','2013-07-16 15:08:58'),
	(1449,'76561198049848090',4513,'47773','2013-07-16 15:08:58'),
	(1450,'76561197984513422',1121,'47774','2013-07-16 15:08:58'),
	(1451,'76561198046780305',1393,'47774','2013-07-16 15:08:58'),
	(1452,'76561198029622986',2866,'47774','2013-07-16 15:08:58'),
	(1453,'76561198041349990',2980,'47774','2013-07-16 15:08:58'),
	(1454,'76561198043899549',2991,'47774','2013-07-16 15:08:58'),
	(1455,'76561198042995537',3035,'47774','2013-07-16 15:08:58'),
	(1456,'76561198011570397',3068,'47774','2013-07-16 15:08:58'),
	(1457,'76561198048252922',3088,'47774','2013-07-16 15:08:58'),
	(1458,'76561198015678746',3091,'47774','2013-07-16 15:08:58'),
	(1459,'76561198028323859',3098,'47774','2013-07-16 15:08:58'),
	(1460,'76561198026851335',3103,'47774','2013-07-16 15:08:58'),
	(1461,'76561198001523094',3113,'47774','2013-07-16 15:08:58'),
	(1462,'76561198045147442',3150,'47774','2013-07-16 15:08:58'),
	(1463,'76561198045034733',3163,'47774','2013-07-16 15:08:58'),
	(1464,'76561198039230536',3165,'47774','2013-07-16 15:08:58'),
	(1465,'76561198043196429',3165,'47774','2013-07-16 15:08:58'),
	(1466,'76561198043770492',3166,'47774','2013-07-16 15:08:58'),
	(1467,'76561198005253093',3175,'47774','2013-07-16 15:08:58'),
	(1468,'76561197981001131',3193,'47774','2013-07-16 15:08:58'),
	(1469,'76561198042741599',3203,'47774','2013-07-16 15:08:58'),
	(1470,'76561197984513422',1375,'47776','2013-07-16 15:08:58'),
	(1471,'76561198046780305',1383,'47776','2013-07-16 15:08:58'),
	(1472,'76561198043899549',6464,'47776','2013-07-16 15:08:58'),
	(1473,'76561198042995537',6529,'47776','2013-07-16 15:08:58'),
	(1474,'76561198026851335',6556,'47776','2013-07-16 15:08:58'),
	(1475,'76561198029622986',6843,'47776','2013-07-16 15:08:58'),
	(1476,'76561198042741599',6966,'47776','2013-07-16 15:08:58'),
	(1477,'76561198060032141',7041,'47776','2013-07-16 15:08:58'),
	(1478,'76561198041107150',7129,'47776','2013-07-16 15:08:58'),
	(1479,'76561198015995629',7138,'47776','2013-07-16 15:08:58'),
	(1480,'76561198041349990',7139,'47776','2013-07-16 15:08:58'),
	(1481,'76561197981001131',7169,'47776','2013-07-16 15:08:58'),
	(1482,'76561198045147442',7169,'47776','2013-07-16 15:08:58'),
	(1483,'76561198001523094',7229,'47776','2013-07-16 15:08:58'),
	(1484,'76561198048252922',7263,'47776','2013-07-16 15:08:58'),
	(1485,'76561198039230536',7114,'47776','2013-07-17 09:11:00'),
	(1486,'76561198042371947',7285,'47776','2013-07-16 15:08:58'),
	(1487,'76561198048179892',7373,'47776','2013-07-16 15:08:58'),
	(1488,'76561198048636382',7453,'47776','2013-07-16 15:08:58'),
	(1489,'76561198030312350',7558,'47776','2013-07-16 15:08:58'),
	(1490,'76561197984513422',964,'47779','2013-07-16 15:08:58'),
	(1491,'76561198046780305',1125,'47779','2013-07-16 15:08:58'),
	(1492,'76561198008662184',9351,'47779','2013-07-16 15:08:58'),
	(1493,'76561198015995629',9626,'47779','2013-07-16 15:08:58'),
	(1494,'76561197981001131',10060,'47779','2013-07-16 15:08:58'),
	(1495,'76561198048179892',10593,'47779','2013-07-16 15:08:58'),
	(1496,'76561198043899549',10788,'47779','2013-07-16 15:08:58'),
	(1497,'76561198026851335',10828,'47779','2013-07-16 15:08:58'),
	(1498,'76561198029622986',10988,'47779','2013-07-16 15:08:58'),
	(1499,'76561198001523094',11108,'47779','2013-07-16 15:08:58'),
	(1500,'76561198015678746',11145,'47779','2013-07-16 15:08:58'),
	(1501,'76561198041878103',11241,'47779','2013-07-16 15:08:58'),
	(1502,'76561198045147442',11248,'47779','2013-07-16 15:08:58'),
	(1503,'76561198049848090',11273,'47779','2013-07-16 15:08:58'),
	(1504,'76561198030312350',11316,'47779','2013-07-16 15:08:58'),
	(1505,'76561197974616889',11328,'47779','2013-07-16 15:08:58'),
	(1506,'76561198043196429',11330,'47779','2013-07-16 15:08:58'),
	(1507,'76561198041349990',11388,'47779','2013-07-16 15:08:58'),
	(1508,'76561198048252922',11393,'47779','2013-07-16 15:08:58'),
	(1509,'76561198041519492',11418,'47779','2013-07-16 15:08:58'),
	(1510,'76561198077559980',361,'47780','2013-07-16 15:08:58'),
	(1511,'76561198046780305',720,'47780','2013-07-16 15:08:58'),
	(1512,'76561197984513422',728,'47780','2013-07-16 15:08:58'),
	(1513,'76561198015678746',6523,'47780','2013-07-16 15:08:58'),
	(1514,'76561198015995629',6523,'47780','2013-07-16 15:08:58'),
	(1515,'76561198026851335',6523,'47780','2013-07-16 15:08:58'),
	(1516,'76561198029622986',6523,'47780','2013-07-16 15:08:58'),
	(1517,'76561198042995537',6523,'47780','2013-07-16 15:08:58'),
	(1518,'76561198043899549',6523,'47780','2013-07-16 15:08:58'),
	(1519,'76561198045147442',6523,'47780','2013-07-16 15:08:58'),
	(1520,'76561198048252922',6523,'47780','2013-07-16 15:08:58'),
	(1521,'76561198012853100',6529,'47780','2013-07-16 15:08:58'),
	(1522,'76561197974616889',6756,'47780','2013-07-16 15:08:58'),
	(1523,'76561197981001131',6756,'47780','2013-07-16 15:08:58'),
	(1524,'76561197994202252',6756,'47780','2013-07-16 15:08:58'),
	(1525,'76561197996776940',6756,'47780','2013-07-16 15:08:58'),
	(1526,'76561198000992420',6756,'47780','2013-07-16 15:08:58'),
	(1527,'76561198001523094',6756,'47780','2013-07-16 15:08:58'),
	(1528,'76561198003513323',6756,'47780','2013-07-16 15:08:58'),
	(1529,'76561198018540237',6756,'47780','2013-07-16 15:08:58'),
	(1530,'76561198077559980',188,'47783','2013-07-16 15:08:58'),
	(1531,'76561197984513422',2793,'47783','2013-07-16 15:08:58'),
	(1532,'76561198046780305',3301,'47783','2013-07-16 15:08:58'),
	(1533,'76561198026851335',6715,'47783','2013-07-16 15:08:58'),
	(1534,'76561198015678746',6815,'47783','2013-07-16 15:08:58'),
	(1535,'76561198029622986',6851,'47783','2013-07-16 15:08:58'),
	(1536,'76561197974616889',7156,'47783','2013-07-16 15:08:58'),
	(1537,'76561198003513323',7205,'47783','2013-07-16 15:08:58'),
	(1538,'76561198001523094',7211,'47783','2013-07-16 15:08:58'),
	(1539,'76561198036324314',7233,'47783','2013-07-16 15:08:58'),
	(1540,'76561198060032141',7250,'47783','2013-07-16 15:08:58'),
	(1541,'76561198048252922',7263,'47783','2013-07-16 15:08:58'),
	(1542,'76561198018540237',7321,'47783','2013-07-16 15:08:58'),
	(1543,'76561197981001131',7340,'47783','2013-07-16 15:08:58'),
	(1544,'76561198049848090',7345,'47783','2013-07-16 15:08:58'),
	(1545,'76561198045147442',7360,'47783','2013-07-16 15:08:58'),
	(1546,'76561198042371947',7380,'47783','2013-07-16 15:08:58'),
	(1547,'76561198039230536',7080,'47783','2013-07-18 16:50:45'),
	(1548,'76561198042741599',7445,'47783','2013-07-16 15:08:58'),
	(1549,'76561198042995537',7483,'47783','2013-07-16 15:08:58'),
	(1550,'76561197984513422',950,'47784','2013-07-16 15:08:58'),
	(1551,'76561198046780305',1133,'47784','2013-07-16 15:08:58'),
	(1552,'76561198008662184',4626,'47784','2013-07-16 15:08:58'),
	(1553,'76561198012853100',4660,'47784','2013-07-16 15:08:58'),
	(1554,'76561198015995629',4921,'47784','2013-07-16 15:08:58'),
	(1555,'76561198041107150',5050,'47784','2013-07-16 15:08:58'),
	(1556,'76561197981001131',5316,'47784','2013-07-16 15:08:58'),
	(1557,'76561198048179892',5335,'47784','2013-07-16 15:08:58'),
	(1558,'76561198048060838',5631,'47784','2013-07-16 15:08:58'),
	(1559,'76561198042371947',5640,'47784','2013-07-16 15:08:58'),
	(1560,'76561198026851335',6333,'47784','2013-07-16 15:08:58'),
	(1561,'76561198049848090',6481,'47784','2013-07-16 15:08:58'),
	(1562,'76561198039230536',5290,'47784','2013-07-17 09:11:00'),
	(1563,'76561198041878103',6488,'47784','2013-07-16 15:08:58'),
	(1564,'76561198001523094',6490,'47784','2013-07-16 15:08:58'),
	(1565,'76561198021587175',6493,'47784','2013-07-16 15:08:58'),
	(1566,'76561198060032141',6589,'47784','2013-07-16 15:08:58'),
	(1567,'76561197985056754',6610,'47784','2013-07-16 15:08:58'),
	(1568,'76561198043899549',6621,'47784','2013-07-16 15:08:58'),
	(1569,'76561198000369215',6650,'47784','2013-07-16 15:08:58'),
	(1570,'76561198007979103',100,'47787','2013-07-16 15:08:58'),
	(1571,'76561197984513422',1915,'47787','2013-07-16 15:08:58'),
	(1572,'76561198046780305',2900,'47787','2013-07-16 15:08:58'),
	(1573,'76561198043899549',5330,'47787','2013-07-16 15:08:58'),
	(1574,'76561198042995537',5385,'47787','2013-07-16 15:08:58'),
	(1575,'76561198029622986',5468,'47787','2013-07-16 15:08:58'),
	(1576,'76561198026851335',5548,'47787','2013-07-16 15:08:58'),
	(1577,'76561198015995629',5575,'47787','2013-07-16 15:08:58'),
	(1578,'76561198060032141',5650,'47787','2013-07-16 15:08:58'),
	(1579,'76561198041878103',5698,'47787','2013-07-16 15:08:58'),
	(1580,'76561198079457301',5768,'47787','2013-07-16 15:08:58'),
	(1581,'76561198018540237',5790,'47787','2013-07-16 15:08:58'),
	(1582,'76561198048179892',5600,'47787','2013-07-22 13:20:31'),
	(1583,'76561198048252922',5881,'47787','2013-07-16 15:08:58'),
	(1584,'76561198049848090',5935,'47787','2013-07-16 15:08:58'),
	(1585,'76561198042371947',5955,'47787','2013-07-16 15:08:58'),
	(1586,'76561198045147442',6043,'47787','2013-07-16 15:08:58'),
	(1587,'76561198001523094',6120,'47787','2013-07-16 15:08:58'),
	(1588,'76561198069533158',6191,'47787','2013-07-16 15:08:58'),
	(1589,'76561198042476392',6281,'47787','2013-07-16 15:08:58'),
	(1590,'76561197984513422',606,'47468','2013-07-16 15:08:58'),
	(1591,'76561198046780305',1428,'47468','2013-07-16 15:08:58'),
	(1592,'76561198029622986',2436,'47468','2013-07-16 15:08:58'),
	(1593,'76561198015995629',2456,'47468','2013-07-16 15:08:58'),
	(1594,'76561198039230536',2470,'47468','2013-07-16 15:08:58'),
	(1595,'76561198043899549',2476,'47468','2013-07-16 15:08:58'),
	(1596,'76561198021587175',2545,'47468','2013-07-16 15:08:58'),
	(1597,'76561198018540237',2546,'47468','2013-07-16 15:08:58'),
	(1598,'76561197981001131',2560,'47468','2013-07-16 15:08:58'),
	(1599,'76561198003513323',2565,'47468','2013-07-16 15:08:58'),
	(1600,'76561198048179892',2598,'47468','2013-07-16 15:08:58'),
	(1601,'76561198001523094',2616,'47468','2013-07-16 15:08:58'),
	(1602,'76561198042995537',2620,'47468','2013-07-16 15:08:58'),
	(1603,'76561197974616889',2625,'47468','2013-07-16 15:08:58'),
	(1604,'76561198048252922',2653,'47468','2013-07-16 15:08:58'),
	(1605,'76561198043196429',2655,'47468','2013-07-16 15:08:58'),
	(1606,'76561198026851335',2656,'47468','2013-07-16 15:08:58'),
	(1607,'76561198081165607',2660,'47468','2013-07-16 15:08:59'),
	(1608,'76561198030312350',2661,'47468','2013-07-16 15:08:59'),
	(1609,'76561198055489864',2668,'47468','2013-07-16 15:08:59'),
	(1610,'76561197984513422',698,'47469','2013-07-16 15:08:59'),
	(1611,'76561198046780305',2208,'47469','2013-07-16 15:08:59'),
	(1612,'76561198043899549',2878,'47469','2013-07-16 15:08:59'),
	(1613,'76561198045034733',2925,'47469','2013-07-16 15:08:59'),
	(1614,'76561198042995537',3146,'47469','2013-07-16 15:08:59'),
	(1615,'76561198060032141',3176,'47469','2013-07-16 15:08:59'),
	(1616,'76561198015995629',3401,'47469','2013-07-16 15:08:59'),
	(1617,'76561198048179892',3439,'47469','2013-07-16 15:08:59'),
	(1618,'76561198026851335',3448,'47469','2013-07-16 15:08:59'),
	(1619,'76561198042371947',3463,'47469','2013-07-16 15:08:59'),
	(1620,'76561198081165607',3503,'47469','2013-07-16 15:08:59'),
	(1621,'76561198045147442',3545,'47469','2013-07-16 15:08:59'),
	(1622,'76561198048252922',3551,'47469','2013-07-16 15:08:59'),
	(1623,'76561197981001131',3621,'47469','2013-07-16 15:08:59'),
	(1624,'76561198043196429',3656,'47469','2013-07-16 15:08:59'),
	(1625,'76561198049848090',3678,'47469','2013-07-16 15:08:59'),
	(1626,'76561198043770492',3741,'47469','2013-07-16 15:08:59'),
	(1627,'76561198057057381',3761,'47469','2013-07-16 15:08:59'),
	(1628,'76561198029622986',3826,'47469','2013-07-16 15:08:59'),
	(1629,'76561198042476392',3841,'47469','2013-07-16 15:08:59'),
	(1630,'76561197984513422',665,'47472','2013-07-16 15:08:59'),
	(1631,'76561198029622986',3156,'47472','2013-07-16 15:08:59'),
	(1632,'76561198015995629',3261,'47472','2013-07-16 15:08:59'),
	(1633,'76561198043899549',3148,'47472','2013-07-22 13:20:31'),
	(1634,'76561198041349990',3409,'47472','2013-07-16 15:08:59'),
	(1635,'76561198049848090',3491,'47472','2013-07-16 15:08:59'),
	(1636,'76561198048252922',3498,'47472','2013-07-16 15:08:59'),
	(1637,'76561197981001131',3518,'47472','2013-07-16 15:08:59'),
	(1638,'76561198039230536',3530,'47472','2013-07-16 15:08:59'),
	(1639,'76561198043770492',3533,'47472','2013-07-16 15:08:59'),
	(1640,'76561198026851335',3545,'47472','2013-07-16 15:08:59'),
	(1641,'76561198048179892',3589,'47472','2013-07-16 15:08:59'),
	(1642,'76561198041107150',3605,'47472','2013-07-16 15:08:59'),
	(1643,'76561198024088293',3628,'47472','2013-07-16 15:08:59'),
	(1644,'76561198001523094',3634,'47472','2013-07-16 15:08:59'),
	(1645,'76561198046780305',3650,'47472','2013-07-16 15:08:59'),
	(1646,'76561198045147442',3581,'47472','2013-07-22 13:20:31'),
	(1647,'76561198003422901',3701,'47472','2013-07-16 15:08:59'),
	(1648,'76561198060032141',3716,'47472','2013-07-16 15:08:59'),
	(1649,'76561198042741599',3733,'47472','2013-07-16 15:08:59'),
	(1650,'76561197984513422',1036,'47791','2013-07-16 15:08:59'),
	(1651,'76561198046780305',1275,'47791','2013-07-16 15:08:59'),
	(1652,'76561198043899549',1310,'47791','2013-07-16 15:08:59'),
	(1653,'76561198029622986',1316,'47791','2013-07-16 15:08:59'),
	(1654,'76561198025192733',1328,'47791','2013-07-16 15:08:59'),
	(1655,'76561197981001131',1343,'47791','2013-07-16 15:08:59'),
	(1656,'76561197974616889',1355,'47791','2013-07-16 15:08:59'),
	(1657,'76561198028323859',1383,'47791','2013-07-16 15:08:59'),
	(1658,'76561198015995629',1400,'47791','2013-07-16 15:08:59'),
	(1659,'76561198001523094',1401,'47791','2013-07-16 15:08:59'),
	(1660,'76561198048252922',1413,'47791','2013-07-16 15:08:59'),
	(1661,'76561198026851335',1461,'47791','2013-07-16 15:08:59'),
	(1662,'76561198043770492',1475,'47791','2013-07-16 15:08:59'),
	(1663,'76561198048179892',1456,'47791','2013-07-17 09:11:00'),
	(1664,'76561198041349990',1483,'47791','2013-07-16 15:08:59'),
	(1665,'76561198044394357',1488,'47791','2013-07-16 15:08:59'),
	(1666,'76561198060032141',1491,'47791','2013-07-16 15:08:59'),
	(1667,'76561198049848090',1505,'47791','2013-07-16 15:08:59'),
	(1668,'76561198042371947',1518,'47791','2013-07-16 15:08:59'),
	(1669,'76561198045147442',1370,'47791','2013-07-22 13:20:31'),
	(1670,'76561197984513422',458,'47793','2013-07-16 15:08:59'),
	(1671,'76561198046780305',666,'47793','2013-07-16 15:08:59'),
	(1672,'76561198015995629',1626,'47793','2013-07-16 15:08:59'),
	(1673,'76561198029488151',1661,'47793','2013-07-16 15:08:59'),
	(1674,'76561198025192733',1743,'47793','2013-07-16 15:08:59'),
	(1675,'76561198048252922',1816,'47793','2013-07-16 15:08:59'),
	(1676,'76561198045147442',1863,'47793','2013-07-16 15:08:59'),
	(1677,'76561198030312350',1866,'47793','2013-07-16 15:08:59'),
	(1678,'76561198026851335',1903,'47793','2013-07-16 15:08:59'),
	(1679,'76561197981001131',1923,'47793','2013-07-16 15:08:59'),
	(1680,'76561198044394357',1928,'47793','2013-07-16 15:08:59'),
	(1681,'76561198042995537',1933,'47793','2013-07-16 15:08:59'),
	(1682,'76561198003513323',1936,'47793','2013-07-16 15:08:59'),
	(1683,'76561197981694635',1950,'47793','2013-07-16 15:08:59'),
	(1684,'76561198027132682',1971,'47793','2013-07-16 15:08:59'),
	(1685,'76561198048636382',1983,'47793','2013-07-16 15:08:59'),
	(1686,'76561198048179892',1985,'47793','2013-07-16 15:08:59'),
	(1687,'76561198029622986',1993,'47793','2013-07-16 15:08:59'),
	(1688,'76561198043899549',2003,'47793','2013-07-16 15:08:59'),
	(1689,'76561198057072625',2010,'47793','2013-07-16 15:08:59'),
	(1690,'76561197997395396',1543,'47795','2013-07-16 15:08:59'),
	(1691,'76561198046780305',1970,'47795','2013-07-16 15:08:59'),
	(1692,'76561197984513422',2780,'47795','2013-07-16 15:08:59'),
	(1693,'76561198043899549',8650,'47795','2013-07-16 15:08:59'),
	(1694,'76561198060032141',8675,'47795','2013-07-16 15:08:59'),
	(1695,'76561198029622986',8758,'47795','2013-07-16 15:08:59'),
	(1696,'76561198015995629',8843,'47795','2013-07-16 15:08:59'),
	(1697,'76561198042995537',8885,'47795','2013-07-16 15:08:59'),
	(1698,'76561198026851335',9250,'47795','2013-07-16 15:08:59'),
	(1699,'76561198030748701',9360,'47795','2013-07-16 15:08:59'),
	(1700,'76561197981001131',9441,'47795','2013-07-16 15:08:59'),
	(1701,'76561198045147442',9506,'47795','2013-07-16 15:08:59'),
	(1702,'76561198048179892',9645,'47795','2013-07-16 15:08:59'),
	(1703,'76561198043770492',9778,'47795','2013-07-16 15:08:59'),
	(1704,'76561198042371947',9950,'47795','2013-07-16 15:08:59'),
	(1705,'76561198041349990',10080,'47795','2013-07-16 15:08:59'),
	(1706,'76561198030312350',10188,'47795','2013-07-16 15:08:59'),
	(1707,'76561198039230536',10138,'47795','2013-07-22 13:20:31'),
	(1708,'76561198049848090',10253,'47795','2013-07-16 15:08:59'),
	(1709,'76561198001523094',10438,'47795','2013-07-16 15:08:59'),
	(1710,'76561197984513422',1078,'47798','2013-07-16 15:08:59'),
	(1711,'76561197997395396',1138,'47798','2013-07-16 15:08:59'),
	(1712,'76561198022859930',2135,'47798','2013-07-16 15:08:59'),
	(1713,'76561198042995537',3833,'47798','2013-07-16 15:08:59'),
	(1714,'76561198046780305',3853,'47798','2013-07-16 15:08:59'),
	(1715,'76561198043899549',3973,'47798','2013-07-16 15:08:59'),
	(1716,'76561198008662184',4090,'47798','2013-07-16 15:08:59'),
	(1717,'76561198048252922',4668,'47798','2013-07-16 15:08:59'),
	(1718,'76561198042371947',4833,'47798','2013-07-16 15:08:59'),
	(1719,'76561198003513323',4975,'47798','2013-07-16 15:08:59'),
	(1720,'76561198060032141',5003,'47798','2013-07-16 15:08:59'),
	(1721,'76561198026851335',5146,'47798','2013-07-16 15:08:59'),
	(1722,'76561198045147442',5261,'47798','2013-07-16 15:08:59'),
	(1723,'76561198048179892',5398,'47798','2013-07-16 15:08:59'),
	(1724,'76561198048636382',5436,'47798','2013-07-16 15:08:59'),
	(1725,'76561198049848090',5520,'47798','2013-07-16 15:08:59'),
	(1726,'76561198047900528',5630,'47798','2013-07-16 15:08:59'),
	(1727,'76561198015995629',5643,'47798','2013-07-16 15:08:59'),
	(1728,'76561197981001131',5846,'47798','2013-07-16 15:08:59'),
	(1729,'76561198044394357',5893,'47798','2013-07-16 15:08:59'),
	(1730,'76561197997395396',605,'47800','2013-07-16 15:08:59'),
	(1731,'76561197984513422',723,'47800','2013-07-16 15:08:59'),
	(1732,'76561198046780305',908,'47800','2013-07-16 15:08:59'),
	(1733,'76561198029622986',1488,'47800','2013-07-16 15:08:59'),
	(1734,'76561198048252922',1488,'47800','2013-07-16 15:08:59'),
	(1735,'76561198043196429',1496,'47800','2013-07-16 15:08:59'),
	(1736,'76561198039230536',1510,'47800','2013-07-16 15:08:59'),
	(1737,'76561198043770492',1511,'47800','2013-07-16 15:08:59'),
	(1738,'76561198041349990',1558,'47800','2013-07-16 15:08:59'),
	(1739,'76561198001523094',1566,'47800','2013-07-16 15:08:59'),
	(1740,'76561198048179892',1491,'47800','2013-07-18 16:50:45'),
	(1741,'76561198036819551',1570,'47800','2013-07-16 15:08:59'),
	(1742,'76561198043899549',1573,'47800','2013-07-16 15:08:59'),
	(1743,'76561198012912965',1578,'47800','2013-07-16 15:08:59'),
	(1744,'76561198042371947',1583,'47800','2013-07-16 15:08:59'),
	(1745,'76561198041878103',1591,'47800','2013-07-16 15:08:59'),
	(1746,'76561198048636382',1593,'47800','2013-07-16 15:08:59'),
	(1747,'76561198028323859',1598,'47800','2013-07-16 15:08:59'),
	(1748,'76561198036324314',1603,'47800','2013-07-16 15:08:59'),
	(1749,'76561198026851335',1609,'47800','2013-07-16 15:08:59'),
	(1750,'76561197984513422',770,'47802','2013-07-16 15:08:59'),
	(1751,'76561198046780305',848,'47802','2013-07-16 15:08:59'),
	(1752,'76561197974616889',2261,'47802','2013-07-16 15:08:59'),
	(1753,'76561198043196429',2280,'47802','2013-07-16 15:08:59'),
	(1754,'76561198029691912',2348,'47802','2013-07-16 15:08:59'),
	(1755,'76561198026851335',2350,'47802','2013-07-16 15:08:59'),
	(1756,'76561198048179892',2366,'47802','2013-07-16 15:08:59'),
	(1757,'76561198001523094',2375,'47802','2013-07-16 15:08:59'),
	(1758,'76561198042371947',2388,'47802','2013-07-16 15:08:59'),
	(1759,'76561198036819551',2405,'47802','2013-07-16 15:08:59'),
	(1760,'76561198039230536',2415,'47802','2013-07-16 15:08:59'),
	(1761,'76561198015995629',2461,'47802','2013-07-16 15:08:59'),
	(1762,'76561197981001131',2476,'47802','2013-07-16 15:08:59'),
	(1763,'76561198048252922',2500,'47802','2013-07-16 15:08:59'),
	(1764,'76561198055489864',2561,'47802','2013-07-16 15:08:59'),
	(1765,'76561198043899549',2563,'47802','2013-07-16 15:08:59'),
	(1766,'76561198044394357',2570,'47802','2013-07-16 15:08:59'),
	(1767,'76561198043770492',2573,'47802','2013-07-16 15:08:59'),
	(1768,'76561198069533158',2581,'47802','2013-07-16 15:08:59'),
	(1769,'76561198049848090',2600,'47802','2013-07-16 15:08:59'),
	(1770,'76561197984513422',685,'47804','2013-07-16 15:08:59'),
	(1771,'76561198046780305',758,'47804','2013-07-16 15:08:59'),
	(1772,'76561198043899549',3855,'47804','2013-07-16 15:08:59'),
	(1773,'76561198043196429',3888,'47804','2013-07-16 15:08:59'),
	(1774,'76561198029622986',3918,'47804','2013-07-16 15:08:59'),
	(1775,'76561198042995537',3933,'47804','2013-07-16 15:08:59'),
	(1776,'76561198024088293',4018,'47804','2013-07-16 15:08:59'),
	(1777,'76561198048179892',4023,'47804','2013-07-16 15:08:59'),
	(1778,'76561198048252922',4026,'47804','2013-07-16 15:08:59'),
	(1779,'76561198048636382',4076,'47804','2013-07-16 15:08:59'),
	(1780,'76561198042371947',4084,'47804','2013-07-16 15:08:59'),
	(1781,'76561197974616889',4108,'47804','2013-07-16 15:08:59'),
	(1782,'76561198049848090',4168,'47804','2013-07-16 15:08:59'),
	(1783,'76561198041878103',4195,'47804','2013-07-16 15:08:59'),
	(1784,'76561198045147442',4278,'47804','2013-07-16 15:08:59'),
	(1785,'76561197981001131',4311,'47804','2013-07-16 15:08:59'),
	(1786,'76561198026851335',4313,'47804','2013-07-16 15:08:59'),
	(1787,'76561198033097299',4398,'47804','2013-07-16 15:08:59'),
	(1788,'76561198041349990',4475,'47804','2013-07-16 15:08:59'),
	(1789,'76561198044394357',4515,'47804','2013-07-16 15:08:59'),
	(1790,'76561198046780305',645,'47806','2013-07-16 15:08:59'),
	(1791,'76561197984513422',766,'47806','2013-07-16 15:08:59'),
	(1792,'76561198031815749',1443,'47806','2013-07-16 15:08:59'),
	(1793,'76561198029622986',1579,'47806','2013-07-16 15:08:59'),
	(1794,'76561198041349990',1635,'47806','2013-07-16 15:08:59'),
	(1795,'76561198048179892',1633,'47806','2013-07-22 13:20:31'),
	(1796,'76561198043770492',1658,'47806','2013-07-16 15:08:59'),
	(1797,'76561198001523094',1660,'47806','2013-07-16 15:08:59'),
	(1798,'76561198069533158',1666,'47806','2013-07-16 15:08:59'),
	(1799,'76561198028323859',1691,'47806','2013-07-16 15:08:59'),
	(1800,'76561197981001131',1696,'47806','2013-07-16 15:08:59'),
	(1801,'76561198036819551',1698,'47806','2013-07-16 15:08:59'),
	(1802,'76561198043899549',1726,'47806','2013-07-16 15:08:59'),
	(1803,'76561198015678746',1735,'47806','2013-07-16 15:08:59'),
	(1804,'76561198039230536',1745,'47806','2013-07-16 15:08:59'),
	(1805,'76561198041878103',1751,'47806','2013-07-16 15:08:59'),
	(1806,'76561198026991036',1770,'47806','2013-07-16 15:08:59'),
	(1807,'76561197974616889',1778,'47806','2013-07-16 15:08:59'),
	(1808,'76561198081165607',1779,'47806','2013-07-16 15:08:59'),
	(1809,'76561198026851335',1791,'47806','2013-07-16 15:08:59'),
	(1810,'76561197984513422',640,'47808','2013-07-16 15:08:59'),
	(1811,'76561198046780305',768,'47808','2013-07-16 15:08:59'),
	(1812,'76561198022859930',1090,'47808','2013-07-16 15:08:59'),
	(1813,'76561198048179892',1753,'47808','2013-07-16 15:08:59'),
	(1814,'76561198043196429',1841,'47808','2013-07-16 15:08:59'),
	(1815,'76561198036819551',1876,'47808','2013-07-16 15:08:59'),
	(1816,'76561198042371947',1890,'47808','2013-07-16 15:08:59'),
	(1817,'76561198048252922',1948,'47808','2013-07-16 15:08:59'),
	(1818,'76561198043899549',2053,'47808','2013-07-16 15:08:59'),
	(1819,'76561198015995629',2113,'47808','2013-07-16 15:08:59'),
	(1820,'76561198039230536',2116,'47808','2013-07-16 15:08:59'),
	(1821,'76561198033855176',2136,'47808','2013-07-16 15:08:59'),
	(1822,'76561198029622986',2193,'47808','2013-07-16 15:08:59'),
	(1823,'76561198026851335',2218,'47808','2013-07-16 15:08:59'),
	(1824,'76561198043770492',2265,'47808','2013-07-16 15:08:59'),
	(1825,'76561198015678746',2268,'47808','2013-07-16 15:08:59'),
	(1826,'76561198042995537',2278,'47808','2013-07-16 15:08:59'),
	(1827,'76561198049848090',2290,'47808','2013-07-16 15:08:59'),
	(1828,'76561198041349990',2305,'47808','2013-07-16 15:08:59'),
	(1829,'76561198060032141',2308,'47808','2013-07-16 15:08:59'),
	(1830,'76561197984513422',576,'47811','2013-07-16 15:08:59'),
	(1831,'76561198046780305',693,'47811','2013-07-16 15:08:59'),
	(1832,'76561198043899549',1753,'47811','2013-07-16 15:08:59'),
	(1833,'76561198042995537',1761,'47811','2013-07-16 15:08:59'),
	(1834,'76561198029622986',1768,'47811','2013-07-16 15:08:59'),
	(1835,'76561198081165607',1796,'47811','2013-07-16 15:08:59'),
	(1836,'76561197981001131',1811,'47811','2013-07-16 15:08:59'),
	(1837,'76561198001523094',1818,'47811','2013-07-16 15:08:59'),
	(1838,'76561198041349990',1820,'47811','2013-07-16 15:08:59'),
	(1839,'76561198026851335',1829,'47811','2013-07-16 15:08:59'),
	(1840,'76561198048179892',1831,'47811','2013-07-16 15:08:59'),
	(1841,'76561198060032141',1848,'47811','2013-07-16 15:08:59'),
	(1842,'76561198043196429',1858,'47811','2013-07-16 15:08:59'),
	(1843,'76561198043770492',1866,'47811','2013-07-16 15:08:59'),
	(1844,'76561198045147442',1875,'47811','2013-07-16 15:08:59'),
	(1845,'76561198042476392',1878,'47811','2013-07-16 15:08:59'),
	(1846,'76561198042371947',1888,'47811','2013-07-16 15:08:59'),
	(1847,'76561198039230536',1896,'47811','2013-07-16 15:08:59'),
	(1848,'76561198003513323',1933,'47811','2013-07-16 15:08:59'),
	(1849,'76561198048252922',1940,'47811','2013-07-16 15:08:59'),
	(1850,'76561197984513422',533,'47813','2013-07-16 15:08:59'),
	(1851,'76561198046780305',735,'47813','2013-07-16 15:08:59'),
	(1852,'76561198029622986',1316,'47813','2013-07-16 15:08:59'),
	(1853,'76561198043770492',1333,'47813','2013-07-16 15:08:59'),
	(1854,'76561198024088293',1340,'47813','2013-07-16 15:08:59'),
	(1855,'76561198043899549',1345,'47813','2013-07-16 15:08:59'),
	(1856,'76561198003513323',1348,'47813','2013-07-16 15:08:59'),
	(1857,'76561198039230536',1348,'47813','2013-07-16 15:08:59'),
	(1858,'76561198041349990',1348,'47813','2013-07-16 15:08:59'),
	(1859,'76561198048179892',1370,'47813','2013-07-16 15:08:59'),
	(1860,'76561198048252922',1391,'47813','2013-07-16 15:08:59'),
	(1861,'76561198049848090',1396,'47813','2013-07-16 15:08:59'),
	(1862,'76561198026851335',1406,'47813','2013-07-16 15:08:59'),
	(1863,'76561198055489864',1406,'47813','2013-07-16 15:08:59'),
	(1864,'76561198060032141',1406,'47813','2013-07-16 15:08:59'),
	(1865,'76561198036324314',1410,'47813','2013-07-16 15:08:59'),
	(1866,'76561198036819551',1411,'47813','2013-07-16 15:08:59'),
	(1867,'76561198018540237',1415,'47813','2013-07-16 15:08:59'),
	(1868,'76561198011570397',1416,'47813','2013-07-16 15:08:59'),
	(1869,'76561198045034733',1421,'47813','2013-07-16 15:08:59'),
	(1870,'76561198046780305',566,'47815','2013-07-16 15:08:59'),
	(1871,'76561197984513422',748,'47815','2013-07-16 15:08:59'),
	(1872,'76561198029622986',1733,'47815','2013-07-16 15:08:59'),
	(1873,'76561198015995629',1750,'47815','2013-07-16 15:08:59'),
	(1874,'76561198043899549',1804,'47815','2013-07-16 15:08:59'),
	(1875,'76561198031815749',1821,'47815','2013-07-16 15:08:59'),
	(1876,'76561197981001131',1906,'47815','2013-07-16 15:08:59'),
	(1877,'76561198008662184',2040,'47815','2013-07-16 15:08:59'),
	(1878,'76561198048252922',2500,'47815','2013-07-16 15:08:59'),
	(1879,'76561198026851335',2573,'47815','2013-07-16 15:08:59'),
	(1880,'76561198042371947',2590,'47815','2013-07-16 15:08:59'),
	(1881,'76561198060032141',2640,'47815','2013-07-16 15:08:59'),
	(1882,'76561198043196429',2641,'47815','2013-07-16 15:08:59'),
	(1883,'76561198045147442',2690,'47815','2013-07-16 15:08:59'),
	(1884,'76561198041878103',2701,'47815','2013-07-16 15:08:59'),
	(1885,'76561198001523094',2715,'47815','2013-07-16 15:08:59'),
	(1886,'76561198036819551',2725,'47815','2013-07-16 15:08:59'),
	(1887,'76561198049848090',2745,'47815','2013-07-16 15:08:59'),
	(1888,'76561198048179892',2685,'47815','2013-07-22 13:20:31'),
	(1889,'76561198000992420',2760,'47815','2013-07-16 15:08:59'),
	(1890,'76561197984513422',541,'47817','2013-07-16 15:08:59'),
	(1891,'76561198046780305',666,'47817','2013-07-16 15:08:59'),
	(1892,'76561198039230536',2793,'47817','2013-07-16 15:08:59'),
	(1893,'76561198029622986',2811,'47817','2013-07-16 15:08:59'),
	(1894,'76561198045034733',2816,'47817','2013-07-16 15:08:59'),
	(1895,'76561198048252922',2850,'47817','2013-07-16 15:08:59'),
	(1896,'76561197999028024',2853,'47817','2013-07-16 15:08:59'),
	(1897,'76561198043899549',2828,'47817','2013-07-22 13:20:32'),
	(1898,'76561198011570397',2860,'47817','2013-07-16 15:08:59'),
	(1899,'76561197981001131',2866,'47817','2013-07-16 15:08:59'),
	(1900,'76561198048636382',2871,'47817','2013-07-16 15:08:59'),
	(1901,'76561197974616889',2875,'47817','2013-07-16 15:08:59'),
	(1902,'76561198048179892',2875,'47817','2013-07-16 15:08:59'),
	(1903,'76561198001523094',2878,'47817','2013-07-16 15:08:59'),
	(1904,'76561198026851335',2878,'47817','2013-07-16 15:08:59'),
	(1905,'76561198043196429',2878,'47817','2013-07-16 15:08:59'),
	(1906,'76561198043770492',2881,'47817','2013-07-16 15:08:59'),
	(1907,'76561198025214581',2883,'47817','2013-07-16 15:08:59'),
	(1908,'76561198042995537',2885,'47817','2013-07-16 15:08:59'),
	(1909,'76561198045147442',2885,'47817','2013-07-16 15:08:59'),
	(1910,'76561197984513422',771,'47819','2013-07-16 15:08:59'),
	(1911,'76561198046780305',900,'47819','2013-07-16 15:08:59'),
	(1912,'76561198043899549',2218,'47819','2013-07-16 15:08:59'),
	(1913,'76561198048179892',2246,'47819','2013-07-16 15:08:59'),
	(1914,'76561198043770492',2268,'47819','2013-07-16 15:08:59'),
	(1915,'76561198029622986',2291,'47819','2013-07-16 15:08:59'),
	(1916,'76561198039230536',2311,'47819','2013-07-16 15:08:59'),
	(1917,'76561198048252922',2313,'47819','2013-07-16 15:08:59'),
	(1918,'76561197981001131',2315,'47819','2013-07-16 15:08:59'),
	(1919,'76561198041349990',2318,'47819','2013-07-16 15:08:59'),
	(1920,'76561198045034733',2335,'47819','2013-07-16 15:08:59'),
	(1921,'76561198049848090',2346,'47819','2013-07-16 15:08:59'),
	(1922,'76561198001523094',2351,'47819','2013-07-16 15:08:59'),
	(1923,'76561198048636382',2358,'47819','2013-07-16 15:08:59'),
	(1924,'76561198043196429',2371,'47819','2013-07-16 15:08:59'),
	(1925,'76561198060032141',2388,'47819','2013-07-16 15:08:59'),
	(1926,'76561198022496581',2393,'47819','2013-07-16 15:08:59'),
	(1927,'76561198000992420',2411,'47819','2013-07-16 15:08:59'),
	(1928,'76561198026851335',2455,'47819','2013-07-16 15:08:59'),
	(1929,'76561198054566481',2460,'47819','2013-07-16 15:08:59'),
	(1930,'76561198058764819',1298,'47821','2013-07-16 15:08:59'),
	(1931,'76561197984513422',1448,'47821','2013-07-16 15:08:59'),
	(1932,'76561198046780305',1998,'47821','2013-07-16 15:08:59'),
	(1933,'76561198045034733',6183,'47821','2013-07-16 15:08:59'),
	(1934,'76561198043899549',6186,'47821','2013-07-16 15:08:59'),
	(1935,'76561198029622986',6371,'47821','2013-07-16 15:08:59'),
	(1936,'76561198048179892',6458,'47821','2013-07-16 15:08:59'),
	(1937,'76561198015995629',6518,'47821','2013-07-16 15:08:59'),
	(1938,'76561198041349990',6541,'47821','2013-07-16 15:08:59'),
	(1939,'76561198042371947',6543,'47821','2013-07-16 15:08:59'),
	(1940,'76561198045147442',6618,'47821','2013-07-16 15:08:59'),
	(1941,'76561198043770492',6803,'47821','2013-07-16 15:08:59'),
	(1942,'76561198048252922',6841,'47821','2013-07-16 15:08:59'),
	(1943,'76561197981001131',6928,'47821','2013-07-16 15:08:59'),
	(1944,'76561198043196429',7018,'47821','2013-07-16 15:08:59'),
	(1945,'76561198026851335',7038,'47821','2013-07-16 15:08:59'),
	(1946,'76561198042995537',7133,'47821','2013-07-16 15:08:59'),
	(1947,'76561198000992420',7135,'47821','2013-07-16 15:08:59'),
	(1948,'76561197974616889',7150,'47821','2013-07-16 15:08:59'),
	(1949,'76561198057501496',7200,'47821','2013-07-16 15:08:59'),
	(1950,'76561198058764819',1386,'47824','2013-07-16 15:08:59'),
	(1951,'76561198046780305',1648,'47824','2013-07-16 15:08:59'),
	(1952,'76561197984513422',1740,'47824','2013-07-16 15:08:59'),
	(1953,'76561198043899549',7711,'47824','2013-07-16 15:08:59'),
	(1954,'76561198029622986',7715,'47824','2013-07-16 15:08:59'),
	(1955,'76561198003513323',7891,'47824','2013-07-16 15:08:59'),
	(1956,'76561198001523094',8033,'47824','2013-07-16 15:08:59'),
	(1957,'76561198015995629',8076,'47824','2013-07-16 15:08:59'),
	(1958,'76561198029488151',8123,'47824','2013-07-16 15:08:59'),
	(1959,'76561198026851335',8168,'47824','2013-07-16 15:08:59'),
	(1960,'76561198042741599',8425,'47824','2013-07-16 15:08:59'),
	(1961,'76561198048252922',8428,'47824','2013-07-16 15:08:59'),
	(1962,'76561197981001131',8443,'47824','2013-07-16 15:08:59'),
	(1963,'76561198021587175',8496,'47824','2013-07-16 15:08:59'),
	(1964,'76561198043770492',8523,'47824','2013-07-16 15:08:59'),
	(1965,'76561198048179892',8535,'47824','2013-07-16 15:08:59'),
	(1966,'76561198041349990',8536,'47824','2013-07-16 15:08:59'),
	(1967,'76561198049848090',8551,'47824','2013-07-16 15:08:59'),
	(1968,'76561198044394357',8563,'47824','2013-07-16 15:08:59'),
	(1969,'76561198018540237',8588,'47824','2013-07-16 15:08:59'),
	(1970,'76561198047126373',10,'47456','2013-07-16 15:08:59'),
	(1971,'76561197999149381',13,'47456','2013-07-16 15:08:59'),
	(1972,'76561198022497845',720,'47456','2013-07-16 15:08:59'),
	(1973,'76561197984513422',863,'47456','2013-07-16 15:08:59'),
	(1974,'76561198058764819',1121,'47456','2013-07-16 15:08:59'),
	(1975,'76561198046780305',2336,'47456','2013-07-16 15:08:59'),
	(1976,'76561197998063833',10355,'47456','2013-07-16 15:08:59'),
	(1977,'76561198007979103',11425,'47456','2013-07-16 15:08:59'),
	(1978,'76561198026851335',20670,'47456','2013-07-16 15:08:59'),
	(1979,'76561198045034733',20720,'47456','2013-07-22 13:20:32'),
	(1980,'76561198048252922',21256,'47456','2013-07-16 15:08:59'),
	(1981,'76561198042371947',21283,'47456','2013-07-16 15:08:59'),
	(1982,'76561198045147442',21323,'47456','2013-07-16 15:08:59'),
	(1983,'76561198042995537',21540,'47456','2013-07-16 15:08:59'),
	(1984,'76561198060653685',21700,'47456','2013-07-16 15:08:59'),
	(1985,'76561198047900528',21703,'47456','2013-07-16 15:08:59'),
	(1986,'76561198003513323',21723,'47456','2013-07-16 15:08:59'),
	(1987,'76561198001523094',21886,'47456','2013-07-16 15:08:59'),
	(1988,'76561198048636382',21906,'47456','2013-07-16 15:08:59'),
	(1989,'76561198029691912',21996,'47456','2013-07-16 15:08:59'),
	(1990,'76561198036819551',1411,'47452','2013-07-17 09:10:59'),
	(1991,'76561198047900528',1754,'47764','2013-07-17 09:11:00'),
	(1992,'76561198039230536',11043,'47779','2013-07-17 09:11:00'),
	(1993,'76561198043899549',6720,'47783','2013-07-18 16:50:45'),
	(1994,'76561198045147442',1769,'47760','2013-07-18 16:50:45'),
	(1995,'76561198039230536',5701,'47787','2013-07-18 16:50:45'),
	(1996,'76561198039230536',3658,'47469','2013-07-22 13:20:31'),
	(1997,'76561198043196429',1275,'47746','2013-07-22 13:20:31'),
	(1998,'76561198045147442',2610,'47752','2013-07-22 13:20:31'),
	(1999,'76561198045147442',4470,'47766','2013-07-22 13:20:31'),
	(2000,'76561198039230536',1461,'47791','2013-07-22 13:20:31'),
	(2001,'76561198069533158',1998,'47808','2013-07-22 13:20:31'),
	(2002,'76561198039230536',6854,'47821','2013-07-22 13:20:32'),
	(2003,'76561198036324314',4426,'47845','2013-07-22 13:20:50'),
	(2004,'76561197980522591',2736,'47861','2013-07-22 13:20:50'),
	(2005,'76561198047900528',2736,'47861','2013-07-22 13:20:50'),
	(2006,'76561197980522591',5630,'52660','2013-07-22 13:20:50'),
	(2007,'76561198047900528',5630,'52660','2013-07-22 13:20:50'),
	(2008,'76561198036324314',1236,'52711','2013-07-22 13:20:50'),
	(2009,'76561198039230536',4536,'52740','2013-07-22 13:20:50'),
	(2010,'76561198048179892',4536,'52740','2013-07-22 13:20:50');

/*!40000 ALTER TABLE `scores` ENABLE KEYS */;
UNLOCK TABLES;


# Dump of table users
# ------------------------------------------------------------

DROP TABLE IF EXISTS `users`;

CREATE TABLE `users` (
  `id` int(11) unsigned NOT NULL AUTO_INCREMENT,
  `profile_id` varchar(50) NOT NULL DEFAULT '',
  PRIMARY KEY (`id`)
) ENGINE=InnoDB DEFAULT CHARSET=utf8;

LOCK TABLES `users` WRITE;
/*!40000 ALTER TABLE `users` DISABLE KEYS */;

INSERT INTO `users` (`id`, `profile_id`)
VALUES
	(1,'76561198043770492');

/*!40000 ALTER TABLE `users` ENABLE KEYS */;
UNLOCK TABLES;



/*!40111 SET SQL_NOTES=@OLD_SQL_NOTES */;
/*!40101 SET SQL_MODE=@OLD_SQL_MODE */;
/*!40014 SET FOREIGN_KEY_CHECKS=@OLD_FOREIGN_KEY_CHECKS */;
/*!40101 SET CHARACTER_SET_CLIENT=@OLD_CHARACTER_SET_CLIENT */;
/*!40101 SET CHARACTER_SET_RESULTS=@OLD_CHARACTER_SET_RESULTS */;
/*!40101 SET COLLATION_CONNECTION=@OLD_COLLATION_CONNECTION */;
